,Component_1,Component_2
0,-1.1845092,0.12421057
1,-1.1845196,0.124223925
2,-1.1845206,0.124224864
3,-1.1845206,0.124224864
4,-1.1845206,0.124224864
5,-1.1845206,0.124224864
6,-1.1845206,0.124224864
7,-1.1845206,0.124224864
8,-1.1845206,0.124224864
9,-1.1845206,0.124224864
10,-1.1845206,0.124224864
11,-1.1845206,0.124224864
12,-1.1845206,0.124224864
13,-1.1845206,0.124224864
14,-1.1845206,0.124224864
15,-1.1845206,0.124224864
16,-0.7877245,0.25023863
17,-0.7877245,0.25023863
18,-0.7877245,0.25023863
19,-0.7877245,0.25023863
20,-0.7877245,0.25023863
21,-0.7877245,0.25023863
22,-0.7877245,0.25023863
23,0.024623042,-0.5621093
24,-0.7877245,0.25023863
25,-1.1845206,0.124224864
26,-1.3152232,-0.00647767
27,-1.3152232,-0.00647767
28,-1.3152232,-0.00647767
29,-1.3152232,-0.00647767
30,-1.3152232,-0.00647767
31,-1.3152232,-0.00647767
32,-1.3152232,-0.00647767
33,-1.3152232,-0.00647767
34,-1.3152232,-0.00647767
35,-1.3152232,-0.00647767
36,-1.3152232,-0.00647767
37,-1.3152232,-0.00647767
38,-1.3152232,-0.00647767
39,-1.3152232,-0.00647767
40,-1.3152232,-0.00647767
41,-1.3152232,-0.00647767
42,-1.3152232,-0.00647767
43,-1.3152232,-0.00647767
44,-1.3152232,-0.00647767
45,-1.3152232,-0.00647767
46,-1.3152232,-0.00647767
47,-1.3152232,-0.00647767
48,-1.3152232,-0.00647767
49,-1.3152232,-0.00647767
50,1.5930529,1.0063208
51,1.5930529,1.0063208
52,1.5930529,1.0063208
53,1.5930529,1.0063208
54,1.5930529,1.0063208
55,1.5930529,1.0063208
56,1.5930529,1.0063208
57,1.5930529,1.0063208
58,1.5930529,1.0063208
59,1.5930529,1.0063208
60,1.5930529,1.0063208
61,1.5930529,1.0063208
62,1.5930529,1.0063208
63,1.5930529,1.0063208
64,-0.5169419,-0.020544073
65,-0.5169419,-0.020544073
66,-0.5169419,-0.020544073
67,-0.5169419,-0.020544073
68,-0.5169419,-0.020544073
69,-0.5169419,-0.020544073
70,-0.5169419,-0.020544073
71,-0.5169419,-0.020544073
72,-0.5169419,-0.020544073
73,-0.5169419,-0.020544073
74,-0.5169419,-0.020544073
75,-0.5169419,-0.020544073
76,-1.3152232,-0.00647767
77,-1.3829188,0.06121802
78,-1.1845206,0.124224864
79,-1.0491295,-0.011166376
80,0.005868021,0.502266
81,0.547433,-0.03929927
82,1.6305631,-1.1224298
83,1.5930529,1.0063208
84,2.676183,-0.076809675
85,2.676183,-0.076809675
86,0.015245535,-0.029921647
87,0.015245535,-0.029921647
88,0.015245535,-0.029921647
89,0.015245535,-0.029921647
90,0.015245535,-0.029921647
91,0.015245535,-0.029921647
92,0.015245535,-0.029921647
93,0.015245535,-0.029921647
94,0.015245535,-0.029921647
95,0.015245535,-0.029921647
96,-1.3152232,-0.00647767
97,-1.0491295,-0.011166376
98,-0.7877245,0.25023863
99,-0.5169419,-0.020544073
100,0.015245535,-0.029921647
101,0.015245535,-0.029921647
102,1.5930529,1.0063208
103,2.676183,-0.076809675
104,-1.0491295,-0.011166376
105,-1.0491295,-0.011166376
106,2.676183,-0.076809675
107,2.676183,-0.076809675
108,2.676183,-0.076809675
109,2.676183,-0.076809675
110,2.676183,-0.076809675
111,2.676183,-0.076809675
112,2.676183,-0.076809675
113,2.676183,-0.076809675
114,2.676183,-0.076809675
115,2.676183,-0.076809675
116,2.676183,-0.076809675
117,2.676183,-0.076809675
118,2.676183,-0.076809675
119,-1.0491295,-0.011166376
120,-1.0491295,-0.011166376
121,-1.0491295,-0.011166376
122,-1.0491295,-0.011166376
123,-1.0491295,-0.011166376
124,-1.0491295,-0.011166376
125,-1.0491295,-0.011166376
126,-1.0491295,-0.011166376
127,-1.0491295,-0.011166376
128,-1.0491295,-0.011166376
129,-1.0491295,-0.011166376
130,-1.0491295,-0.011166376
131,-1.3152232,-0.00647767
132,-1.3152232,-0.00647767
133,-1.3152232,-0.00647767
134,-1.3152232,-0.00647767
135,-1.3152232,-0.00647767
136,-1.3152232,-0.00647767
137,-1.3152232,-0.00647767
138,-1.3152232,-0.00647767
139,-1.3152232,-0.00647767
140,-1.3152232,-0.00647767
141,-1.3152232,-0.00647767
142,-1.3152232,-0.00647767
143,-1.3152232,-0.00647767
144,-1.3152232,-0.00647767
145,-1.3152232,-0.00647767
146,-1.3152232,-0.00647767
147,-1.3152232,-0.00647767
148,-1.3152232,-0.00647767
149,-1.3152232,-0.00647767
150,-1.3152232,-0.00647767
151,-1.3152232,-0.00647767
152,-1.3152232,-0.00647767
153,-1.3152232,-0.00647767
154,-1.3152232,-0.00647767
155,1.5930529,1.0063208
156,1.5930529,1.0063208
157,1.5930529,1.0063208
158,1.5930529,1.0063208
159,1.5930529,1.0063208
160,1.5930529,1.0063208
161,1.5930529,1.0063208
162,1.5930529,1.0063208
163,1.5930529,1.0063208
164,1.5930529,1.0063208
165,1.5930529,1.0063208
166,1.5930529,1.0063208
167,1.5930529,1.0063208
168,1.5930529,1.0063208
169,-0.5169419,-0.020544073
170,-0.5169419,-0.020544073
171,-0.5169419,-0.020544073
172,-0.5169419,-0.020544073
173,-0.5169419,-0.020544073
174,-0.5169419,-0.020544073
175,-0.5169419,-0.020544073
176,-0.5169419,-0.020544073
177,-0.5169419,-0.020544073
178,-0.5169419,-0.020544073
179,-0.5169419,-0.020544073
180,-0.5169419,-0.020544073
181,-1.3152232,-0.00647767
182,-1.3829188,0.06121802
183,-1.1845206,0.124224864
184,-1.0491295,-0.011166376
185,0.005868021,0.502266
186,0.547433,-0.03929927
187,1.6305631,-1.1224298
188,1.5930529,1.0063208
189,2.676183,-0.076809675
190,2.676183,-0.076809675
191,0.015245535,-0.029921647
192,0.015245535,-0.029921647
193,0.015245535,-0.029921647
194,0.015245535,-0.029921647
195,0.015245535,-0.029921647
196,0.015245535,-0.029921647
197,0.015245535,-0.029921647
198,0.015245535,-0.029921647
199,0.015245535,-0.029921647
200,0.015245535,-0.029921647
201,-1.3152232,-0.00647767
202,-1.0491295,-0.011166376
203,-0.7877245,0.25023863
204,-0.5169419,-0.020544073
205,0.015245535,-0.029921647
206,0.015245535,-0.029921647
207,1.6305631,-1.1224298
208,0.005868021,0.502266
209,1.5930529,1.0063208
210,2.676183,-0.076809675
211,0.015245535,-0.029921647
212,-1.0491295,-0.011166376
213,-1.0491295,-0.011166376
214,0.015245535,-0.029921647
215,0.015245535,-0.029921647
216,0.005868021,0.502266
217,0.005868021,0.502266
218,0.005868021,0.502266
219,0.005868021,0.502266
220,0.005868021,0.502266
221,2.676183,-0.076809675
222,2.676183,-0.076809675
223,2.676183,-0.076809675
224,2.676183,-0.076809675
225,2.676183,-0.076809675
226,2.676183,-0.076809675
227,2.676183,-0.076809675
228,2.676183,-0.076809675
229,2.676183,-0.076809675
230,2.676183,-0.076809675
231,2.676183,-0.076809675
232,2.676183,-0.076809675
233,2.676183,-0.076809675
234,-1.0491295,-0.011166376
235,-1.0491295,-0.011166376
236,-1.0491295,-0.011166376
237,-1.0491295,-0.011166376
238,-1.0491295,-0.011166376
239,-1.0491295,-0.011166376
240,-1.0491295,-0.011166376
241,-1.0491295,-0.011166376
242,-1.0491295,-0.011166376
243,-1.0491295,-0.011166376
244,-1.0491295,-0.011166376
245,-1.0491295,-0.011166376
246,-1.1845206,0.124224864
247,-1.1845206,0.124224864
248,-0.7877245,0.25023863
249,-0.7877245,0.25023863
250,-0.7877245,0.25023863
251,-0.7877245,0.25023863
252,0.005868021,0.502266
253,0.005868021,0.502266
254,0.005868021,0.502266
255,0.005868021,0.502266
256,-0.7783469,-0.2819491
257,-0.7783469,-0.2819491
258,0.024623042,-0.5621093
259,0.024623042,-0.5621093
260,1.6305631,-1.1224298
261,1.6305631,-1.1224298
262,-1.0491295,-0.011166376
263,-1.0491295,-0.011166376
264,-1.0491295,-0.011166376
265,-1.0491295,-0.011166376
266,-1.0491295,-0.011166376
267,-1.0491295,-0.011166376
268,-1.0491295,-0.011166376
269,-1.0491295,-0.011166376
270,-1.0491295,-0.011166376
271,-1.0491295,-0.011166376
272,-1.0491295,-0.011166376
273,-1.0491295,-0.011166376
274,-1.0491295,-0.011166376
275,-1.0491295,-0.011166376
276,-1.0491295,-0.011166376
277,-1.0491295,-0.011166376
278,-1.0491295,-0.011166376
279,-1.0491295,-0.011166376
280,-1.0491295,-0.011166376
281,-1.0491295,-0.011166376
282,-1.0491295,-0.011166376
283,-1.0491295,-0.011166376
284,-1.0491295,-0.011166376
285,-1.0491295,-0.011166376
286,-1.0491295,-0.011166376
287,-1.0491295,-0.011166376
288,-1.0491295,-0.011166376
289,-1.0491295,-0.011166376
290,-1.0491295,-0.011166376
291,-1.0491295,-0.011166376
292,-1.0491295,-0.011166376
293,-1.0491295,-0.011166376
294,-1.0491295,-0.011166376
295,-1.0491295,-0.011166376
296,-1.0491295,-0.011166376
297,-1.0491295,-0.011166376
298,-1.0491295,-0.011166376
299,-1.0491295,-0.011166376
300,-1.0491295,-0.011166376
301,-1.0491295,-0.011166376
302,-1.0491295,-0.011166376
303,-1.0491295,-0.011166376
304,-1.0491295,-0.011166376
305,-1.0491295,-0.011166376
306,-1.0491295,-0.011166376
307,-1.0491295,-0.011166376
308,-1.0491295,-0.011166376
309,-1.0491295,-0.011166376
310,-1.0491295,-0.011166376
311,-1.0491295,-0.011166376
312,-1.0491295,-0.011166376
313,-1.0491295,-0.011166376
314,-1.0491295,-0.011166376
315,-1.0491295,-0.011166376
316,-1.0491295,-0.011166376
317,-1.0491295,-0.011166376
318,-1.0491295,-0.011166376
319,-1.0491295,-0.011166376
320,-1.0491295,-0.011166376
321,-1.0491295,-0.011166376
322,-1.0491295,-0.011166376
323,-1.0491295,-0.011166376
324,-1.0491295,-0.011166376
325,-1.0491295,-0.011166376
326,-1.0491295,-0.011166376
327,-1.0491295,-0.011166376
328,-1.0491295,-0.011166376
329,-1.0491295,-0.011166376
330,-1.0491295,-0.011166376
331,-1.0491295,-0.011166376
332,-1.0491295,-0.011166376
333,-1.0491295,-0.011166376
334,-0.7783469,-0.2819491
335,-0.7783469,-0.2819491
336,-0.7783469,-0.2819491
337,-0.7783469,-0.2819491
338,-0.7783469,-0.2819491
339,-0.7783469,-0.2819491
340,-0.7783469,-0.2819491
341,-0.7783469,-0.2819491
342,-0.7783469,-0.2819491
343,-0.7783469,-0.2819491
344,-0.7783469,-0.2819491
345,-0.7783469,-0.2819491
346,-0.7783469,-0.2819491
347,-0.7783469,-0.2819491
348,-0.7783469,-0.2819491
349,-0.7783469,-0.2819491
350,-0.7783469,-0.2819491
351,-0.7783469,-0.2819491
352,-0.7877245,0.25023863
353,-0.7877245,0.25023863
354,-0.7877245,0.25023863
355,-0.7877245,0.25023863
356,-0.7877245,0.25023863
357,-0.7877245,0.25023863
358,-0.5169419,-0.020544073
359,-0.5169419,-0.020544073
360,-0.5169419,-0.020544073
361,-0.5169419,-0.020544073
362,2.676183,-0.076809675
363,2.676183,-0.076809675
364,2.676183,-0.076809675
365,2.676183,-0.076809675
366,2.676183,-0.076809675
367,2.676183,-0.076809675
368,2.676183,-0.076809675
369,2.676183,-0.076809675
370,2.676183,-0.076809675
371,2.676183,-0.076809675
372,2.676183,-0.076809675
373,-1.3152232,-0.00647767
374,-1.3152232,-0.00647767
375,-1.3152232,-0.00647767
376,-1.3152232,-0.00647767
377,-1.0491295,-0.011166376
378,-1.0491295,-0.011166376
379,-1.0491295,-0.011166376
380,-1.0491295,-0.011166376
381,-0.7783469,-0.2819491
382,-0.7783469,-0.2819491
383,-0.7783469,-0.2819491
384,-0.7783469,-0.2819491
385,-0.5169419,-0.020544073
386,0.547433,-0.03929927
387,2.676183,-0.076809675
388,0.547433,-0.03929927
389,0.547433,-0.03929927
390,0.547433,-0.03929927
391,0.547433,-0.03929927
392,2.676183,-0.076809675
393,2.676183,-0.076809675
394,2.676183,-0.076809675
395,2.676183,-0.076809675
396,0.015245535,-0.029921647
397,0.015245535,-0.029921647
398,0.015245535,-0.029921647
399,0.015245535,-0.029921647
400,0.015245535,-0.029921647
401,0.015245535,-0.029921647
402,0.547433,-0.03929927
403,0.547433,-0.03929927
404,0.547433,-0.03929927
405,0.024623042,-0.5621093
406,0.024623042,-0.5621093
407,0.024623042,-0.5621093
408,0.024623042,-0.5621093
409,0.024623042,-0.5621093
410,0.024623042,-0.5621093
411,0.024623042,-0.5621093
412,0.024623042,-0.5621093
413,0.024623042,-0.5621093
414,0.024623042,-0.5621093
415,0.024623042,-0.5621093
416,0.024623042,-0.5621093
417,0.024623042,-0.5621093
418,0.024623042,-0.5621093
419,0.024623042,-0.5621093
420,2.433533,-1.40259
421,2.433533,-1.40259
422,2.433533,-1.40259
423,2.433533,-1.40259
424,2.433533,-1.40259
425,2.433533,-1.40259
426,2.433533,-1.40259
427,2.433533,-1.40259
428,2.433533,-1.40259
429,2.433533,-1.40259
430,2.433533,-1.40259
431,2.433533,-1.40259
432,0.024623042,-0.5621093
433,0.024623042,-0.5621093
434,0.024623042,-0.5621093
435,0.024623042,-0.5621093
436,0.024623042,-0.5621093
437,0.024623042,-0.5621093
438,0.024623042,-0.5621093
439,0.024623042,-0.5621093
440,0.024623042,-0.5621093
441,0.024623042,-0.5621093
442,0.024623042,-0.5621093
443,0.024623042,-0.5621093
444,2.676183,-0.076809675
445,2.676183,-0.076809675
446,2.676183,-0.076809675
447,2.676183,-0.076809675
448,2.676183,-0.076809675
449,2.676183,-0.076809675
450,2.676183,-0.076809675
451,2.676183,-0.076809675
452,2.676183,-0.076809675
453,2.676183,-0.076809675
454,2.676183,-0.076809675
455,2.676183,-0.076809675
456,2.676183,-0.076809675
457,0.547433,-0.03929927
458,0.547433,-0.03929927
459,0.547433,-0.03929927
460,0.547433,-0.03929927
461,0.547433,-0.03929927
462,0.547433,-0.03929927
463,0.547433,-0.03929927
464,0.547433,-0.03929927
465,-1.0491295,-0.011166376
466,-1.0491295,-0.011166376
467,-1.0491295,-0.011166376
468,-1.0491295,-0.011166376
469,-1.0491295,-0.011166376
470,-1.0491295,-0.011166376
471,-1.0491295,-0.011166376
472,-1.0491295,-0.011166376
473,-1.0491295,-0.011166376
474,2.676183,-0.076809675
475,2.676183,-0.076809675
476,2.676183,-0.076809675
477,2.676183,-0.076809675
478,2.676183,-0.076809675
479,2.676183,-0.076809675
480,2.676183,-0.076809675
481,2.676183,-0.076809675
482,2.676183,-0.076809675
483,-0.5169419,-0.020544073
484,-0.5169419,-0.020544073
485,-0.5169419,-0.020544073
486,-0.5169419,-0.020544073
487,-0.5169419,-0.020544073
488,-0.5169419,-0.020544073
489,-0.5169419,-0.020544073
490,-0.5169419,-0.020544073
491,-0.5169419,-0.020544073
492,-1.0491295,-0.011166376
493,-1.0491295,-0.011166376
494,-1.0491295,-0.011166376
495,-1.0491295,-0.011166376
496,-1.0491295,-0.011166376
497,-1.0491295,-0.011166376
498,-1.0491295,-0.011166376
499,-1.0491295,-0.011166376
500,-1.0491295,-0.011166376
501,-0.5169419,-0.020544073
502,-0.5169419,-0.020544073
503,-0.5169419,-0.020544073
504,-0.5169419,-0.020544073
505,-0.5169419,-0.020544073
506,-0.5169419,-0.020544073
507,-1.3829188,0.06121802
508,-1.3829188,0.06121802
509,-1.3829188,0.06121802
510,-1.3829188,0.06121802
511,-1.3829188,0.06121802
512,-1.3829188,0.06121802
513,-0.7783469,-0.2819491
514,0.808838,0.22210576
515,-0.2649145,0.77304864
516,-0.2649145,0.77304864
517,1.6305631,-1.1224298
518,1.6305631,-1.1224298
519,0.005868021,0.502266
520,0.005868021,0.502266
521,0.547433,-0.03929927
522,0.547433,-0.03929927
523,1.0514878,1.5478861
524,1.0514878,1.5478861
525,1.5930529,1.0063208
526,1.5930529,1.0063208
527,1.6305631,-1.1224298
528,1.6305631,-1.1224298
529,2.676183,-0.076809675
530,2.676183,-0.076809675
531,2.676183,-0.076809675
532,2.676183,-0.076809675
533,0.024623042,-0.5621093
534,0.024623042,-0.5621093
535,-1.0491295,-0.011166376
536,-1.0491295,-0.011166376
537,-0.7783469,-0.2819491
538,-0.7783469,-0.2819491
539,-0.5169419,-0.020544073
540,-0.5169419,-0.020544073
541,0.024623042,-0.5621093
542,-0.2649145,0.77304864
543,-0.2649145,0.77304864
544,0.547433,-0.03929927
545,0.547433,-0.03929927
546,0.005868021,0.502266
547,0.005868021,0.502266
548,1.6305631,-1.1224298
549,1.0514878,1.5478861
550,1.0514878,1.5478861
551,1.5930529,1.0063208
552,1.5930529,1.0063208
553,-1.0491295,-0.011166376
554,-1.0491295,-0.011166376
555,-0.7783469,-0.2819491
556,-0.7783469,-0.2819491
557,-0.5169419,-0.020544073
558,-0.5169419,-0.020544073
559,0.024623042,-0.5621093
560,-0.2649145,0.77304864
561,-0.2649145,0.77304864
562,0.547433,-0.03929927
563,0.547433,-0.03929927
564,0.005868021,0.502266
565,0.005868021,0.502266
566,1.6305631,-1.1224298
567,1.0514878,1.5478861
568,1.0514878,1.5478861
569,1.5930529,1.0063208
570,1.5930529,1.0063208
571,-1.0491295,-0.011166376
572,-1.0491295,-0.011166376
573,-0.7783469,-0.2819491
574,-0.7783469,-0.2819491
575,-0.5169419,-0.020544073
576,-0.5169419,-0.020544073
577,0.024623042,-0.5621093
578,-0.2649145,0.77304864
579,-0.2649145,0.77304864
580,0.547433,-0.03929927
581,0.547433,-0.03929927
582,0.005868021,0.502266
583,0.005868021,0.502266
584,1.6305631,-1.1224298
585,1.0514878,1.5478861
586,1.0514878,1.5478861
587,1.5930529,1.0063208
588,1.5930529,1.0063208
589,-1.1845206,0.124224864
590,-1.1845206,0.124224864
591,-1.3829188,0.06121802
592,-1.0491295,-0.011166376
593,-1.0491295,-0.011166376
594,-1.3152232,-0.00647767
595,-1.3152232,-0.00647767
596,-1.3152232,-0.00647767
597,-1.3152232,-0.00647767
598,-1.3152232,-0.00647767
599,-1.3152232,-0.00647767
600,-1.3152232,-0.00647767
601,-1.3152232,-0.00647767
602,-1.3152232,-0.00647767
603,-1.3152232,-0.00647767
604,-1.3152232,-0.00647767
605,-1.3152232,-0.00647767
606,-1.3152232,-0.00647767
607,-1.3152232,-0.00647767
608,-1.3152232,-0.00647767
609,-1.0491295,-0.011166376
610,-1.0491295,-0.011166376
611,-1.3152232,-0.00647767
612,-1.3152232,-0.00647767
613,-1.3152232,-0.00647767
614,-1.3152232,-0.00647767
615,-1.3152232,-0.00647767
616,-1.3152232,-0.00647767
617,-1.3152232,-0.00647767
618,-1.3152232,-0.00647767
619,-1.3152232,-0.00647767
620,-1.3152232,-0.00647767
621,-1.0491295,-0.011166376
622,-1.3152232,-0.00647767
623,-1.3152232,-0.00647767
624,-1.3152232,-0.00647767
625,-1.3152232,-0.00647767
626,-1.3152232,-0.00647767
627,-1.0491295,-0.011166376
628,-1.3152232,-0.00647767
629,-1.3152232,-0.00647767
630,-1.0491295,-0.011166376
631,-1.3152232,-0.00647767
632,-1.3152232,-0.00647767
633,-0.7783469,-0.2819491
634,-1.3152232,-0.00647767
635,-1.0491295,-0.011166376
636,-1.0491295,-0.011166376
637,-1.3152232,-0.00647767
638,-1.3152232,-0.00647767
639,-1.3152232,-0.00647767
640,-1.3829188,0.06121802
641,-1.3152232,-0.00647767
642,-1.3152232,-0.00647767
643,-1.0491295,-0.011166376
644,-1.3152232,-0.00647767
645,-1.0491295,-0.011166376
646,-1.0491295,-0.011166376
647,-0.7783469,-0.2819491
648,-1.0491295,-0.011166376
649,-1.1845206,0.124224864
650,-1.3152232,-0.00647767
651,-1.0491295,-0.011166376
652,-1.3152232,-0.00647767
653,-1.1845206,0.124224864
654,-1.0491295,-0.011166376
655,-1.1845206,0.124224864
656,-1.1845206,0.124224864
657,-1.0491295,-0.011166376
658,-1.0491295,-0.011166376
659,-1.0491295,-0.011166376
660,-1.0491295,-0.011166376
661,-1.1845206,0.124224864
662,-1.1845206,0.124224864
663,-1.3152232,-0.00647767
664,-1.3152232,-0.00647767
665,-1.0491295,-0.011166376
666,-1.0491295,-0.011166376
667,-1.3152232,-0.00647767
668,-1.0491295,-0.011166376
669,-1.1845206,0.124224864
670,-1.3152232,-0.00647767
671,-1.0491295,-0.011166376
672,-1.1845206,0.124224864
673,-1.0491295,-0.011166376
674,-1.3152232,-0.00647767
675,-1.1845206,0.124224864
676,-1.3152232,-0.00647767
677,-1.0491295,-0.011166376
678,-1.1845206,0.124224864
679,-1.3152232,-0.00647767
680,-1.3152232,-0.00647767
681,-1.1845206,0.124224864
682,-1.3152232,-0.00647767
683,-1.1845206,0.124224864
684,-1.3152232,-0.00647767
685,-1.0491295,-0.011166376
686,-0.7877245,0.25023863
687,-1.0491295,-0.011166376
688,-1.0491295,-0.011166376
689,-1.0491295,-0.011166376
690,-1.0491295,-0.011166376
691,-1.1845206,0.124224864
692,-1.1845206,0.124224864
693,-0.7877245,0.25023863
694,-1.0491295,-0.011166376
695,-1.0491295,-0.011166376
696,-1.0491295,-0.011166376
697,-1.1845206,0.124224864
698,-0.7877245,0.25023863
699,-1.0491295,-0.011166376
700,-1.0491295,-0.011166376
701,-1.1845206,0.124224864
702,-1.0491295,-0.011166376
703,-0.7783469,-0.2819491
704,-1.0491295,-0.011166376
705,-1.0491295,-0.011166376
706,-1.0491295,-0.011166376
707,-0.7877245,0.25023863
708,-1.1845206,0.124224864
709,-1.0491295,-0.011166376
710,-1.0491295,-0.011166376
711,-1.3152232,-0.00647767
712,-1.0491295,-0.011166376
713,-1.0491295,-0.011166376
714,-0.7783469,-0.2819491
715,-1.0491295,-0.011166376
716,-1.3829188,0.06121802
717,-1.3829188,0.06121802
718,-1.0491295,-0.011166376
719,-1.0491295,-0.011166376
720,-1.0491295,-0.011166376
721,-1.0491295,-0.011166376
722,-1.0491295,-0.011166376
723,-1.0491295,-0.011166376
724,-1.0491295,-0.011166376
725,-1.0491295,-0.011166376
726,-0.7783469,-0.2819491
727,-1.0491295,-0.011166376
728,-1.0491295,-0.011166376
729,-1.3829188,0.06121802
730,-1.0491295,-0.011166376
731,-1.0491295,-0.011166376
732,-0.7783469,-0.2819491
733,-1.3152232,-0.00647767
734,-1.0491295,-0.011166376
735,-1.0491295,-0.011166376
736,-1.0491295,-0.011166376
737,-1.0491295,-0.011166376
738,-1.3152232,-0.00647767
739,-1.1845206,0.124224864
740,-1.3152232,-0.00647767
741,-1.0491295,-0.011166376
742,-1.0491295,-0.011166376
743,-1.0491295,-0.011166376
744,-1.0491295,-0.011166376
745,-1.3152232,-0.00647767
746,-1.0491295,-0.011166376
747,-1.0491295,-0.011166376
748,-1.0491295,-0.011166376
749,-1.0491295,-0.011166376
750,-1.0491295,-0.011166376
751,-1.0491295,-0.011166376
752,-0.7783469,-0.2819491
753,-1.0491295,-0.011166376
754,-0.7783469,-0.2819491
755,-1.0491295,-0.011166376
756,-0.7783469,-0.2819491
757,-0.7783469,-0.2819491
758,-1.0491295,-0.011166376
759,-1.0491295,-0.011166376
760,-0.7783469,-0.2819491
761,-0.7783469,-0.2819491
762,-1.0491295,-0.011166376
763,-0.7783469,-0.2819491
764,-1.0491295,-0.011166376
765,-1.1845206,0.124224864
766,0.024623042,-0.5621093
767,0.005868021,0.502266
768,-1.3152232,-0.00647767
769,-1.0491295,-0.011166376
770,-1.0491295,-0.011166376
771,-1.0491295,-0.011166376
772,-1.0491295,-0.011166376
773,-1.0491295,-0.011166376
774,0.005868021,0.502266
775,0.024623042,-0.5621093
776,-1.0491295,-0.011166376
777,-0.7783469,-0.2819491
778,-1.0491295,-0.011166376
779,-1.0491295,-0.011166376
780,-0.7783469,-0.2819491
781,0.005868021,0.502266
782,-1.0491295,-0.011166376
783,-1.0491295,-0.011166376
784,-0.7783469,-0.2819491
785,-1.0491295,-0.011166376
786,-1.0491295,-0.011166376
787,-1.3829188,0.06121802
788,-1.3829188,0.06121802
789,-1.0491295,-0.011166376
790,0.005868021,0.502266
791,-1.0491295,-0.011166376
792,-1.0491295,-0.011166376
793,-1.0491295,-0.011166376
794,-1.3829188,0.06121802
795,-1.0491295,-0.011166376
796,-0.7783469,-0.2819491
797,-1.0491295,-0.011166376
798,-0.7783469,-0.2819491
799,-0.7783469,-0.2819491
800,-0.7783469,-0.2819491
801,-0.7783469,-0.2819491
802,-1.0491295,-0.011166376
803,-0.7783469,-0.2819491
804,-0.7783469,-0.2819491
805,-1.0491295,-0.011166376
806,-1.0491295,-0.011166376
807,-1.0491295,-0.011166376
808,-0.7783469,-0.2819491
809,-1.0491295,-0.011166376
810,-1.0491295,-0.011166376
811,-1.0491295,-0.011166376
812,-1.0491295,-0.011166376
813,-0.7783469,-0.2819491
814,-1.0491295,-0.011166376
815,-1.0491295,-0.011166376
816,-0.7783469,-0.2819491
817,-1.0491295,-0.011166376
818,-1.0491295,-0.011166376
819,-1.0491295,-0.011166376
820,-1.0491295,-0.011166376
821,-1.0491295,-0.011166376
822,-0.7783469,-0.2819491
823,-1.0491295,-0.011166376
824,-1.0491295,-0.011166376
825,-1.0491295,-0.011166376
826,-0.7783469,-0.2819491
827,-0.7783469,-0.2819491
828,-1.3152232,-0.00647767
829,-0.7783469,-0.2819491
830,-1.0491295,-0.011166376
831,-1.0491295,-0.011166376
832,-1.0491295,-0.011166376
833,-1.0491295,-0.011166376
834,-1.0491295,-0.011166376
835,-1.0491295,-0.011166376
836,-1.0491295,-0.011166376
837,0.024623042,-0.5621093
838,-1.0491295,-0.011166376
839,-0.7783469,-0.2819491
840,-0.7783469,-0.2819491
841,-1.3152232,-0.00647767
842,-0.7783469,-0.2819491
843,-1.0491295,-0.011166376
844,-0.7783469,-0.2819491
845,-1.0491295,-0.011166376
846,-1.0491295,-0.011166376
847,-1.3152232,-0.00647767
848,-0.7877245,0.25023863
849,-0.7783469,-0.2819491
850,-0.7783469,-0.2819491
851,-0.7877245,0.25023863
852,-0.7783469,-0.2819491
853,-0.7783469,-0.2819491
854,-0.7783469,-0.2819491
855,-0.7877245,0.25023863
856,-0.7783469,-0.2819491
857,-0.7783469,-0.2819491
858,0.024623042,-0.5621093
859,-1.0491295,-0.011166376
860,-0.7783469,-0.2819491
861,-0.7783469,-0.2819491
862,-0.7877245,0.25023863
863,-0.7783469,-0.2819491
864,-0.7783469,-0.2819491
865,-1.0491295,-0.011166376
866,-0.7783469,-0.2819491
867,1.6305631,-1.1224298
868,-1.3152232,-0.00647767
869,-0.7783469,-0.2819491
870,-0.7783469,-0.2819491
871,-0.7783469,-0.2819491
872,-0.7783469,-0.2819491
873,-1.0491295,-0.011166376
874,-0.7877245,0.25023863
875,-0.7877245,0.25023863
876,-0.7783469,-0.2819491
877,-0.7783469,-0.2819491
878,-0.7877245,0.25023863
879,-0.7783469,-0.2819491
880,-0.7783469,-0.2819491
881,1.6305631,-1.1224298
882,-1.0491295,-0.011166376
883,-0.7877245,0.25023863
884,-0.7783469,-0.2819491
885,-0.7783469,-0.2819491
886,-0.7877245,0.25023863
887,-0.7783469,-0.2819491
888,-0.7783469,-0.2819491
889,-0.7783469,-0.2819491
890,-0.7783469,-0.2819491
891,-0.7783469,-0.2819491
892,0.024623042,-0.5621093
893,-0.7783469,-0.2819491
894,-0.7783469,-0.2819491
895,-0.7783469,-0.2819491
896,-0.7783469,-0.2819491
897,0.024623042,-0.5621093
898,-0.7783469,-0.2819491
899,0.024623042,-0.5621093
900,0.024623042,-0.5621093
901,-0.7783469,-0.2819491
902,-0.7783469,-0.2819491
903,0.015245535,-0.029921647
904,-0.7783469,-0.2819491
905,0.024623042,-0.5621093
906,-0.7783469,-0.2819491
907,0.015245535,-0.029921647
908,0.024623042,-0.5621093
909,0.024623042,-0.5621093
910,-0.5169419,-0.020544073
911,-0.5169419,-0.020544073
912,0.015245535,-0.029921647
913,-0.5169419,-0.020544073
914,-0.5169419,-0.020544073
915,-0.5169419,-0.020544073
916,-0.5169419,-0.020544073
917,-0.5169419,-0.020544073
918,-0.5169419,-0.020544073
919,0.547433,-0.03929927
920,-0.5169419,-0.020544073
921,-0.5169419,-0.020544073
922,-0.5169419,-0.020544073
923,0.024623042,-0.5621093
924,-0.7877245,0.25023863
925,-0.5169419,-0.020544073
926,0.015245535,-0.029921647
927,-0.5169419,-0.020544073
928,-0.5169419,-0.020544073
929,-0.7877245,0.25023863
930,0.024623042,-0.5621093
931,-0.5169419,-0.020544073
932,0.015245535,-0.029921647
933,-0.5169419,-0.020544073
934,-0.5169419,-0.020544073
935,-0.5169419,-0.020544073
936,-0.5169419,-0.020544073
937,-0.5169419,-0.020544073
938,-0.7877245,0.25023863
939,-0.5169419,-0.020544073
940,-0.7783469,-0.2819491
941,-0.5169419,-0.020544073
942,-0.5169419,-0.020544073
943,-0.5169419,-0.020544073
944,-0.5169419,-0.020544073
945,0.547433,-0.03929927
946,0.547433,-0.03929927
947,0.547433,-0.03929927
948,0.024623042,-0.5621093
949,-0.5169419,-0.020544073
950,-1.0491295,-0.011166376
951,-0.5169419,-0.020544073
952,0.024623042,-0.5621093
953,2.676183,-0.076809675
954,-0.2649145,0.77304864
955,-0.5169419,-0.020544073
956,-0.5169419,-0.020544073
957,0.547433,-0.03929927
958,-0.5169419,-0.020544073
959,0.547433,-0.03929927
960,-0.5169419,-0.020544073
961,-0.5169419,-0.020544073
962,-0.7877245,0.25023863
963,1.5930529,1.0063208
964,0.005868021,0.502266
965,-0.5169419,-0.020544073
966,-0.7877245,0.25023863
967,0.005868021,0.502266
968,-0.5169419,-0.020544073
969,0.024623042,-0.5621093
970,0.015245535,-0.029921647
971,0.005868021,0.502266
972,0.547433,-0.03929927
973,-0.5169419,-0.020544073
974,0.015245535,-0.029921647
975,0.024623042,-0.5621093
976,-0.5169419,-0.020544073
977,0.015245535,-0.029921647
978,-0.5169419,-0.020544073
979,0.015245535,-0.029921647
980,-0.5169419,-0.020544073
981,0.024623042,-0.5621093
982,-0.5169419,-0.020544073
983,0.015245535,-0.029921647
984,0.005868021,0.502266
985,-0.2649145,0.77304864
986,0.547433,-0.03929927
987,-0.5169419,-0.020544073
988,0.015245535,-0.029921647
989,2.676183,-0.076809675
990,0.024623042,-0.5621093
991,0.547433,-0.03929927
992,-0.5169419,-0.020544073
993,1.5930529,1.0063208
994,0.024623042,-0.5621093
995,-0.5169419,-0.020544073
996,1.5930529,1.0063208
997,0.005868021,0.502266
998,1.5930529,1.0063208
999,0.005868021,0.502266
1000,0.024623042,-0.5621093
1001,0.547433,-0.03929927
1002,0.024623042,-0.5621093
1003,-0.5169419,-0.020544073
1004,-0.5169419,-0.020544073
1005,-0.5169419,-0.020544073
1006,0.547433,-0.03929927
1007,-0.5169419,-0.020544073
1008,0.024623042,-0.5621093
1009,-0.5169419,-0.020544073
1010,0.024623042,-0.5621093
1011,0.024623042,-0.5621093
1012,-0.5169419,-0.020544073
1013,-0.5169419,-0.020544073
1014,0.024623042,-0.5621093
1015,-0.5169419,-0.020544073
1016,-0.5169419,-0.020544073
1017,1.5930529,1.0063208
1018,-0.5169419,-0.020544073
1019,-0.2649145,0.77304864
1020,1.5930529,1.0063208
1021,-0.5169419,-0.020544073
1022,-0.5169419,-0.020544073
1023,0.547433,-0.03929927
1024,-0.5169419,-0.020544073
1025,0.024623042,-0.5621093
1026,0.005868021,0.502266
1027,0.015245535,-0.029921647
1028,0.024623042,-0.5621093
1029,1.6305631,-1.1224298
1030,0.024623042,-0.5621093
1031,2.676183,-0.076809675
1032,-0.5169419,-0.020544073
1033,0.024623042,-0.5621093
1034,-0.2649145,0.77304864
1035,-0.2649145,0.77304864
1036,0.015245535,-0.029921647
1037,1.5930529,1.0063208
1038,0.547433,-0.03929927
1039,0.547433,-0.03929927
1040,0.024623042,-0.5621093
1041,0.005868021,0.502266
1042,-0.5169419,-0.020544073
1043,1.6305631,-1.1224298
1044,-0.2649145,0.77304864
1045,1.5930529,1.0063208
1046,0.024623042,-0.5621093
1047,0.005868021,0.502266
1048,1.5930529,1.0063208
1049,0.024623042,-0.5621093
1050,0.547433,-0.03929927
1051,-0.2649145,0.77304864
1052,1.6305631,-1.1224298
1053,0.005868021,0.502266
1054,-0.7877245,0.25023863
1055,0.547433,-0.03929927
1056,0.024623042,-0.5621093
1057,0.015245535,-0.029921647
1058,0.015245535,-0.029921647
1059,0.024623042,-0.5621093
1060,0.547433,-0.03929927
1061,1.5930529,1.0063208
1062,0.015245535,-0.029921647
1063,0.005868021,0.502266
1064,0.015245535,-0.029921647
1065,1.6305631,-1.1224298
1066,0.015245535,-0.029921647
1067,0.005868021,0.502266
1068,0.005868021,0.502266
1069,-0.2649145,0.77304864
1070,0.547433,-0.03929927
1071,0.015245535,-0.029921647
1072,-0.7877245,0.25023863
1073,0.015245535,-0.029921647
1074,2.676183,-0.076809675
1075,1.5930529,1.0063208
1076,1.6305631,-1.1224298
1077,0.547433,-0.03929927
1078,1.5930529,1.0063208
1079,1.5930529,1.0063208
1080,0.015245535,-0.029921647
1081,0.005868021,0.502266
1082,0.015245535,-0.029921647
1083,0.547433,-0.03929927
1084,1.6305631,-1.1224298
1085,1.6305631,-1.1224298
1086,1.6305631,-1.1224298
1087,0.015245535,-0.029921647
1088,0.015245535,-0.029921647
1089,0.547433,-0.03929927
1090,0.015245535,-0.029921647
1091,0.015245535,-0.029921647
1092,0.015245535,-0.029921647
1093,1.5930529,1.0063208
1094,0.015245535,-0.029921647
1095,0.547433,-0.03929927
1096,0.015245535,-0.029921647
1097,0.005868021,0.502266
1098,2.676183,-0.076809675
1099,2.676183,-0.076809675
1100,2.676183,-0.076809675
1101,0.547433,-0.03929927
1102,2.676183,-0.076809675
1103,0.015245535,-0.029921647
1104,0.005868021,0.502266
1105,0.015245535,-0.029921647
1106,0.547433,-0.03929927
1107,2.676183,-0.076809675
1108,2.676183,-0.076809675
1109,2.676183,-0.076809675
1110,2.676183,-0.076809675
1111,0.547433,-0.03929927
1112,0.015245535,-0.029921647
1113,0.015245535,-0.029921647
1114,1.6305631,-1.1224298
1115,1.5930529,1.0063208
1116,0.547433,-0.03929927
1117,2.676183,-0.076809675
1118,1.5930529,1.0063208
1119,2.676183,-0.076809675
1120,0.547433,-0.03929927
1121,2.676183,-0.076809675
1122,2.676183,-0.076809675
1123,2.676183,-0.076809675
1124,1.5930529,1.0063208
1125,-0.5169419,-0.020544073
1126,2.676183,-0.076809675
1127,-0.5169419,-0.020544073
1128,1.5930529,1.0063208
1129,1.5930529,1.0063208
1130,0.547433,-0.03929927
1131,1.5930529,1.0063208
1132,2.676183,-0.076809675
1133,2.676183,-0.076809675
1134,2.676183,-0.076809675
1135,2.676183,-0.076809675
1136,2.676183,-0.076809675
1137,0.547433,-0.03929927
1138,2.676183,-0.076809675
1139,2.676183,-0.076809675
1140,2.676183,-0.076809675
1141,2.676183,-0.076809675
1142,2.676183,-0.076809675
1143,1.5930529,1.0063208
1144,2.676183,-0.076809675
1145,2.676183,-0.076809675
1146,1.5930529,1.0063208
1147,2.676183,-0.076809675
1148,2.676183,-0.076809675
1149,2.676183,-0.076809675
1150,1.5930529,1.0063208
1151,2.676183,-0.076809675
1152,1.5930529,1.0063208
1153,2.676183,-0.076809675
1154,2.676183,-0.076809675
1155,2.676183,-0.076809675
1156,2.676183,-0.076809675
1157,2.676183,-0.076809675
1158,2.676183,-0.076809675
1159,2.676183,-0.076809675
1160,2.676183,-0.076809675
1161,2.676183,-0.076809675
1162,2.433533,-1.40259
1163,2.433533,-1.40259
1164,2.676183,-0.076809675
1165,2.676183,-0.076809675
1166,2.676183,-0.076809675
1167,1.5930529,1.0063208
1168,2.676183,-0.076809675
1169,1.5930529,1.0063208
1170,2.433533,-1.40259
1171,2.676183,-0.076809675
1172,1.5930529,1.0063208
1173,1.5930529,1.0063208
1174,2.433533,-1.40259
1175,1.5930529,1.0063208
1176,2.433533,-1.40259
1177,2.433533,-1.40259
1178,1.5930529,1.0063208
1179,2.433533,-1.40259
1180,1.0514878,1.5478861
1181,2.676183,-0.076809675
1182,2.676183,-0.076809675
1183,1.5930529,1.0063208
1184,2.433533,-1.40259
1185,2.676183,-0.076809675
1186,2.676183,-0.076809675
1187,2.433533,-1.40259
1188,1.5930529,1.0063208
1189,2.676183,-0.076809675
1190,2.676183,-0.076809675
1191,2.676183,-0.076809675
1192,2.676183,-0.076809675
1193,2.676183,-0.076809675
1194,1.0514878,1.5478861
1195,2.676183,-0.076809675
1196,2.676183,-0.076809675
1197,1.5930529,1.0063208
1198,0.808838,0.22210576
1199,2.676183,-0.076809675
1200,2.433533,-1.40259
1201,2.676183,-0.076809675
1202,2.676183,-0.076809675
1203,2.676183,-0.076809675
1204,2.676183,-0.076809675
1205,1.5930529,1.0063208
1206,2.676183,-0.076809675
1207,2.676183,-0.076809675
1208,2.433533,-1.40259
1209,2.676183,-0.076809675
1210,2.433533,-1.40259
1211,2.676183,-0.076809675
1212,2.676183,-0.076809675
1213,2.676183,-0.076809675
1214,2.676183,-0.076809675
1215,1.0514878,1.5478861
1216,1.5930529,1.006321
1217,2.676183,-0.076809675
1218,1.0514878,1.5478861
1219,2.676183,-0.076809675
1220,1.5930529,1.006321
1221,2.676183,-0.076809675
1222,2.676183,-0.076809675
1223,2.676183,-0.076809675
1224,2.676183,-0.076809675
1225,1.0514878,1.5478861
1226,1.5930529,1.006321
1227,1.0514878,1.5478861
1228,1.5930529,1.006321
