,CPU,RAM,STORAGE,Disk_type_HDD,Disk_type_SSD
0,-0.33333334,-0.5,-0.25,1.0,0.0
1,-0.33333334,-0.5,-0.25,1.0,0.0
2,-0.33333334,-0.5,-0.25,0.0,1.0
3,-0.33333334,-0.5,-0.25,0.0,1.0
4,-0.33333334,-0.5,-0.25,0.0,1.0
5,-0.33333334,-0.5,-0.25,0.0,1.0
6,-0.33333334,-0.5,-0.25,0.0,1.0
7,-0.33333334,-0.5,-0.25,0.0,1.0
8,-0.33333334,-0.5,-0.25,0.0,1.0
9,-0.33333334,-0.5,-0.25,0.0,1.0
10,-0.33333334,-0.5,-0.25,0.0,1.0
11,-0.33333334,-0.5,-0.25,0.0,1.0
12,-0.33333334,-0.5,-0.25,0.0,1.0
13,-0.33333334,-0.5,-0.25,0.0,1.0
14,-0.33333334,-0.5,-0.25,0.0,1.0
15,-0.33333334,-0.5,0.0,0.0,1.0
16,0.0,-0.33333334,0.0,1.0,0.0
17,0.0,-0.33333334,0.0,1.0,0.0
18,0.0,-0.33333334,0.0,1.0,0.0
19,0.0,-0.33333334,0.0,1.0,0.0
20,0.0,-0.33333334,0.0,1.0,0.0
21,0.0,-0.33333334,0.0,1.0,0.0
22,0.0,-0.33333334,0.0,1.0,0.0
23,0.0,0.6666667,0.0,0.0,1.0
24,0.0,-0.33333334,0.0,0.0,1.0
25,-0.33333334,-0.5,0.0,0.0,1.0
26,-0.5,-0.5,0.0,1.0,0.0
27,-0.5,-0.5,0.0,1.0,0.0
28,-0.5,-0.5,0.0,1.0,0.0
29,-0.5,-0.5,0.0,1.0,0.0
30,-0.5,-0.5,0.0,1.0,0.0
31,-0.5,-0.5,0.0,1.0,0.0
32,-0.5,-0.5,0.0,1.0,0.0
33,-0.5,-0.5,0.0,1.0,0.0
34,-0.5,-0.5,0.0,1.0,0.0
35,-0.5,-0.5,0.0,1.0,0.0
36,-0.5,-0.5,1.75,1.0,0.0
37,-0.5,-0.5,1.75,1.0,0.0
38,-0.5,-0.5,1.75,1.0,0.0
39,-0.5,-0.5,1.75,1.0,0.0
40,-0.5,-0.5,1.75,1.0,0.0
41,-0.5,-0.5,1.75,1.0,0.0
42,-0.5,-0.5,1.75,1.0,0.0
43,-0.5,-0.5,1.75,1.0,0.0
44,-0.5,-0.5,1.75,1.0,0.0
45,-0.5,-0.5,1.75,1.0,0.0
46,-0.5,-0.5,1.75,1.0,0.0
47,-0.5,-0.5,1.75,1.0,0.0
48,-0.5,-0.5,1.75,1.0,0.0
49,-0.5,-0.5,0.25,1.0,0.0
50,2.0,0.6666667,0.25,0.0,1.0
51,2.0,0.6666667,0.25,0.0,1.0
52,2.0,0.6666667,0.25,0.0,1.0
53,2.0,0.6666667,0.25,0.0,1.0
54,2.0,0.6666667,0.25,0.0,1.0
55,2.0,0.6666667,0.25,0.0,1.0
56,2.0,0.6666667,0.25,0.0,1.0
57,2.0,0.6666667,0.25,0.0,1.0
58,2.0,0.6666667,0.25,0.0,1.0
59,2.0,0.6666667,0.25,0.0,1.0
60,2.0,0.6666667,0.25,0.0,1.0
61,2.0,0.6666667,0.25,0.0,1.0
62,2.0,0.6666667,0.25,0.0,1.0
63,2.0,0.6666667,0.25,0.0,1.0
64,0.0,0.0,0.25,0.0,1.0
65,0.0,0.0,0.25,0.0,1.0
66,0.0,0.0,1.75,0.0,1.0
67,0.0,0.0,1.75,0.0,1.0
68,0.0,0.0,1.75,0.0,1.0
69,0.0,0.0,1.75,0.0,1.0
70,0.0,0.0,1.75,0.0,1.0
71,0.0,0.0,1.75,0.0,1.0
72,0.0,0.0,1.75,0.0,1.0
73,0.0,0.0,1.75,0.0,1.0
74,0.0,0.0,1.75,0.0,1.0
75,0.0,0.0,1.75,0.0,1.0
76,-0.5,-0.5,-0.5,0.0,1.0
77,-0.5,-0.5833333,-0.25,0.0,1.0
78,-0.33333334,-0.5,0.0,0.0,1.0
79,-0.33333334,-0.33333334,0.25,0.0,1.0
80,0.6666667,0.0,0.5,0.0,1.0
81,0.6666667,0.6666667,1.75,0.0,1.0
82,0.6666667,2.0,-0.5,0.0,1.0
83,2.0,0.6666667,-0.25,0.0,1.0
84,2.0,2.0,0.5,0.0,1.0
85,2.0,2.0,1.75,0.0,1.0
86,0.33333334,0.33333334,0.0,1.0,0.0
87,0.33333334,0.33333334,0.0,1.0,0.0
88,0.33333334,0.33333334,0.0,1.0,0.0
89,0.33333334,0.33333334,0.0,1.0,0.0
90,0.33333334,0.33333334,0.0,1.0,0.0
91,0.33333334,0.33333334,0.0,1.0,0.0
92,0.33333334,0.33333334,0.0,1.0,0.0
93,0.33333334,0.33333334,0.0,1.0,0.0
94,0.33333334,0.33333334,0.0,1.0,0.0
95,0.33333334,0.33333334,0.0,1.0,0.0
96,-0.5,-0.5,0.0,1.0,0.0
97,-0.33333334,-0.33333334,0.0,1.0,0.0
98,0.0,-0.33333334,0.0,1.0,0.0
99,0.0,0.0,0.0,1.0,0.0
100,0.33333334,0.33333334,0.5,1.0,0.0
101,0.33333334,0.33333334,0.5,1.0,0.0
102,2.0,0.6666667,0.5,1.0,0.0
103,2.0,2.0,0.5,1.0,0.0
104,-0.33333334,-0.33333334,0.5,1.0,0.0
105,-0.33333334,-0.33333334,0.5,1.0,0.0
106,2.0,2.0,0.5,1.0,0.0
107,2.0,2.0,0.5,1.0,0.0
108,2.0,2.0,0.5,1.0,0.0
109,2.0,2.0,0.5,1.0,0.0
110,2.0,2.0,0.5,1.0,0.0
111,2.0,2.0,0.5,1.0,0.0
112,2.0,2.0,0.5,1.0,0.0
113,2.0,2.0,0.5,1.0,0.0
114,2.0,2.0,0.5,1.0,0.0
115,2.0,2.0,0.5,1.0,0.0
116,2.0,2.0,0.5,1.0,0.0
117,2.0,2.0,0.5,1.0,0.0
118,2.0,2.0,0.5,1.0,0.0
119,-0.33333334,-0.33333334,0.5,1.0,0.0
120,-0.33333334,-0.33333334,0.5,1.0,0.0
121,-0.33333334,-0.33333334,0.5,1.0,0.0
122,-0.33333334,-0.33333334,0.5,1.0,0.0
123,-0.33333334,-0.33333334,0.5,1.0,0.0
124,-0.33333334,-0.33333334,0.5,1.0,0.0
125,-0.33333334,-0.33333334,0.5,1.0,0.0
126,-0.33333334,-0.33333334,0.5,1.0,0.0
127,-0.33333334,-0.33333334,0.5,1.0,0.0
128,-0.33333334,-0.33333334,0.5,1.0,0.0
129,-0.33333334,-0.33333334,0.5,1.0,0.0
130,-0.33333334,-0.33333334,0.5,1.0,0.0
131,-0.5,-0.5,0.0,1.0,0.0
132,-0.5,-0.5,0.0,1.0,0.0
133,-0.5,-0.5,0.0,1.0,0.0
134,-0.5,-0.5,0.0,1.0,0.0
135,-0.5,-0.5,0.0,1.0,0.0
136,-0.5,-0.5,0.0,1.0,0.0
137,-0.5,-0.5,0.0,1.0,0.0
138,-0.5,-0.5,0.0,1.0,0.0
139,-0.5,-0.5,0.0,1.0,0.0
140,-0.5,-0.5,0.0,1.0,0.0
141,-0.5,-0.5,1.75,1.0,0.0
142,-0.5,-0.5,1.75,1.0,0.0
143,-0.5,-0.5,1.75,1.0,0.0
144,-0.5,-0.5,1.75,1.0,0.0
145,-0.5,-0.5,1.75,1.0,0.0
146,-0.5,-0.5,1.75,1.0,0.0
147,-0.5,-0.5,1.75,1.0,0.0
148,-0.5,-0.5,1.75,1.0,0.0
149,-0.5,-0.5,1.75,1.0,0.0
150,-0.5,-0.5,1.75,1.0,0.0
151,-0.5,-0.5,1.75,1.0,0.0
152,-0.5,-0.5,1.75,1.0,0.0
153,-0.5,-0.5,1.75,1.0,0.0
154,-0.5,-0.5,0.25,1.0,0.0
155,2.0,0.6666667,0.25,0.0,1.0
156,2.0,0.6666667,0.25,0.0,1.0
157,2.0,0.6666667,0.25,0.0,1.0
158,2.0,0.6666667,0.25,0.0,1.0
159,2.0,0.6666667,0.25,0.0,1.0
160,2.0,0.6666667,0.25,0.0,1.0
161,2.0,0.6666667,0.25,0.0,1.0
162,2.0,0.6666667,0.25,0.0,1.0
163,2.0,0.6666667,0.25,0.0,1.0
164,2.0,0.6666667,0.25,0.0,1.0
165,2.0,0.6666667,0.25,0.0,1.0
166,2.0,0.6666667,0.25,0.0,1.0
167,2.0,0.6666667,0.25,0.0,1.0
168,2.0,0.6666667,0.25,0.0,1.0
169,0.0,0.0,0.25,0.0,1.0
170,0.0,0.0,0.25,0.0,1.0
171,0.0,0.0,1.75,0.0,1.0
172,0.0,0.0,1.75,0.0,1.0
173,0.0,0.0,1.75,0.0,1.0
174,0.0,0.0,1.75,0.0,1.0
175,0.0,0.0,1.75,0.0,1.0
176,0.0,0.0,1.75,0.0,1.0
177,0.0,0.0,1.75,0.0,1.0
178,0.0,0.0,1.75,0.0,1.0
179,0.0,0.0,1.75,0.0,1.0
180,0.0,0.0,1.75,0.0,1.0
181,-0.5,-0.5,-0.5,0.0,1.0
182,-0.5,-0.5833333,-0.25,0.0,1.0
183,-0.33333334,-0.5,0.0,0.0,1.0
184,-0.33333334,-0.33333334,0.25,0.0,1.0
185,0.6666667,0.0,0.5,0.0,1.0
186,0.6666667,0.6666667,1.75,0.0,1.0
187,0.6666667,2.0,-0.5,0.0,1.0
188,2.0,0.6666667,-0.25,0.0,1.0
189,2.0,2.0,0.5,0.0,1.0
190,2.0,2.0,1.75,0.0,1.0
191,0.33333334,0.33333334,0.0,1.0,0.0
192,0.33333334,0.33333334,0.0,1.0,0.0
193,0.33333334,0.33333334,0.0,1.0,0.0
194,0.33333334,0.33333334,0.0,1.0,0.0
195,0.33333334,0.33333334,0.0,1.0,0.0
196,0.33333334,0.33333334,0.0,1.0,0.0
197,0.33333334,0.33333334,0.0,1.0,0.0
198,0.33333334,0.33333334,0.0,1.0,0.0
199,0.33333334,0.33333334,0.0,1.0,0.0
200,0.33333334,0.33333334,0.0,1.0,0.0
201,-0.5,-0.5,0.0,1.0,0.0
202,-0.33333334,-0.33333334,0.0,1.0,0.0
203,0.0,-0.33333334,0.0,1.0,0.0
204,0.0,0.0,0.0,1.0,0.0
205,0.33333334,0.33333334,0.5,1.0,0.0
206,0.33333334,0.33333334,0.5,1.0,0.0
207,0.6666667,2.0,0.5,1.0,0.0
208,0.6666667,0.0,0.5,1.0,0.0
209,2.0,0.6666667,0.5,1.0,0.0
210,2.0,2.0,0.5,1.0,0.0
211,0.33333334,0.33333334,0.5,1.0,0.0
212,-0.33333334,-0.33333334,0.5,1.0,0.0
213,-0.33333334,-0.33333334,0.5,1.0,0.0
214,0.33333334,0.33333334,0.5,1.0,0.0
215,0.33333334,0.33333334,0.5,1.0,0.0
216,0.6666667,0.0,0.5,1.0,0.0
217,0.6666667,0.0,0.5,1.0,0.0
218,0.6666667,0.0,0.5,1.0,0.0
219,0.6666667,0.0,0.5,1.0,0.0
220,0.6666667,0.0,0.5,1.0,0.0
221,2.0,2.0,0.5,1.0,0.0
222,2.0,2.0,0.5,1.0,0.0
223,2.0,2.0,0.5,1.0,0.0
224,2.0,2.0,0.5,1.0,0.0
225,2.0,2.0,0.5,1.0,0.0
226,2.0,2.0,0.5,1.0,0.0
227,2.0,2.0,0.5,1.0,0.0
228,2.0,2.0,0.5,1.0,0.0
229,2.0,2.0,0.5,1.0,0.0
230,2.0,2.0,0.5,1.0,0.0
231,2.0,2.0,0.5,1.0,0.0
232,2.0,2.0,0.5,1.0,0.0
233,2.0,2.0,0.5,1.0,0.0
234,-0.33333334,-0.33333334,0.5,1.0,0.0
235,-0.33333334,-0.33333334,0.5,1.0,0.0
236,-0.33333334,-0.33333334,0.5,1.0,0.0
237,-0.33333334,-0.33333334,0.5,1.0,0.0
238,-0.33333334,-0.33333334,0.5,1.0,0.0
239,-0.33333334,-0.33333334,0.5,1.0,0.0
240,-0.33333334,-0.33333334,0.5,1.0,0.0
241,-0.33333334,-0.33333334,0.5,1.0,0.0
242,-0.33333334,-0.33333334,0.5,1.0,0.0
243,-0.33333334,-0.33333334,0.5,1.0,0.0
244,-0.33333334,-0.33333334,0.5,1.0,0.0
245,-0.33333334,-0.33333334,0.5,1.0,0.0
246,-0.33333334,-0.5,-0.5,0.0,1.0
247,-0.33333334,-0.5,-0.25,0.0,1.0
248,0.0,-0.33333334,-0.5,0.0,1.0
249,0.0,-0.33333334,-0.5,0.0,1.0
250,0.0,-0.33333334,-0.25,0.0,1.0
251,0.0,-0.33333334,0.25,0.0,1.0
252,0.6666667,0.0,-0.25,0.0,1.0
253,0.6666667,0.0,-0.25,0.0,1.0
254,0.6666667,0.0,1.25,0.0,1.0
255,0.6666667,0.0,1.25,0.0,1.0
256,-0.33333334,0.0,-0.5,0.0,1.0
257,-0.33333334,0.0,-0.5,0.0,1.0
258,0.0,0.6666667,-0.25,0.0,1.0
259,0.0,0.6666667,-0.25,0.0,1.0
260,0.6666667,2.0,0.25,0.0,1.0
261,0.6666667,2.0,0.25,0.0,1.0
262,-0.33333334,-0.33333334,-0.5,1.0,0.0
263,-0.33333334,-0.33333334,-0.5,1.0,0.0
264,-0.33333334,-0.33333334,-0.5,1.0,0.0
265,-0.33333334,-0.33333334,-0.5,0.0,1.0
266,-0.33333334,-0.33333334,-0.5,0.0,1.0
267,-0.33333334,-0.33333334,-0.5,0.0,1.0
268,-0.33333334,-0.33333334,-0.5,1.0,0.0
269,-0.33333334,-0.33333334,-0.5,1.0,0.0
270,-0.33333334,-0.33333334,-0.5,1.0,0.0
271,-0.33333334,-0.33333334,-0.5,0.0,1.0
272,-0.33333334,-0.33333334,-0.5,0.0,1.0
273,-0.33333334,-0.33333334,-0.5,0.0,1.0
274,-0.33333334,-0.33333334,-0.5,1.0,0.0
275,-0.33333334,-0.33333334,-0.5,1.0,0.0
276,-0.33333334,-0.33333334,-0.5,1.0,0.0
277,-0.33333334,-0.33333334,-0.5,0.0,1.0
278,-0.33333334,-0.33333334,-0.5,0.0,1.0
279,-0.33333334,-0.33333334,-0.5,0.0,1.0
280,-0.33333334,-0.33333334,-0.5,1.0,0.0
281,-0.33333334,-0.33333334,-0.5,1.0,0.0
282,-0.33333334,-0.33333334,-0.5,1.0,0.0
283,-0.33333334,-0.33333334,-0.5,0.0,1.0
284,-0.33333334,-0.33333334,-0.5,0.0,1.0
285,-0.33333334,-0.33333334,-0.5,0.0,1.0
286,-0.33333334,-0.33333334,-0.5,1.0,0.0
287,-0.33333334,-0.33333334,-0.5,1.0,0.0
288,-0.33333334,-0.33333334,-0.5,1.0,0.0
289,-0.33333334,-0.33333334,-0.5,0.0,1.0
290,-0.33333334,-0.33333334,-0.5,0.0,1.0
291,-0.33333334,-0.33333334,-0.5,0.0,1.0
292,-0.33333334,-0.33333334,-0.5,1.0,0.0
293,-0.33333334,-0.33333334,-0.5,1.0,0.0
294,-0.33333334,-0.33333334,-0.5,1.0,0.0
295,-0.33333334,-0.33333334,-0.5,0.0,1.0
296,-0.33333334,-0.33333334,-0.5,0.0,1.0
297,-0.33333334,-0.33333334,-0.5,0.0,1.0
298,-0.33333334,-0.33333334,-0.5,1.0,0.0
299,-0.33333334,-0.33333334,-0.5,1.0,0.0
300,-0.33333334,-0.33333334,-0.5,1.0,0.0
301,-0.33333334,-0.33333334,-0.5,0.0,1.0
302,-0.33333334,-0.33333334,-0.5,0.0,1.0
303,-0.33333334,-0.33333334,-0.5,0.0,1.0
304,-0.33333334,-0.33333334,-0.5,1.0,0.0
305,-0.33333334,-0.33333334,-0.5,1.0,0.0
306,-0.33333334,-0.33333334,-0.5,1.0,0.0
307,-0.33333334,-0.33333334,-0.5,0.0,1.0
308,-0.33333334,-0.33333334,-0.5,0.0,1.0
309,-0.33333334,-0.33333334,-0.5,0.0,1.0
310,-0.33333334,-0.33333334,-0.25,1.0,0.0
311,-0.33333334,-0.33333334,-0.25,1.0,0.0
312,-0.33333334,-0.33333334,-0.25,1.0,0.0
313,-0.33333334,-0.33333334,-0.25,0.0,1.0
314,-0.33333334,-0.33333334,-0.25,0.0,1.0
315,-0.33333334,-0.33333334,-0.25,0.0,1.0
316,-0.33333334,-0.33333334,-0.25,1.0,0.0
317,-0.33333334,-0.33333334,-0.25,1.0,0.0
318,-0.33333334,-0.33333334,-0.25,1.0,0.0
319,-0.33333334,-0.33333334,-0.25,0.0,1.0
320,-0.33333334,-0.33333334,-0.25,0.0,1.0
321,-0.33333334,-0.33333334,-0.25,0.0,1.0
322,-0.33333334,-0.33333334,-0.25,1.0,0.0
323,-0.33333334,-0.33333334,-0.25,1.0,0.0
324,-0.33333334,-0.33333334,-0.25,1.0,0.0
325,-0.33333334,-0.33333334,-0.25,0.0,1.0
326,-0.33333334,-0.33333334,-0.25,0.0,1.0
327,-0.33333334,-0.33333334,-0.25,0.0,1.0
328,-0.33333334,-0.33333334,-0.25,1.0,0.0
329,-0.33333334,-0.33333334,-0.25,1.0,0.0
330,-0.33333334,-0.33333334,-0.25,1.0,0.0
331,-0.33333334,-0.33333334,-0.25,0.0,1.0
332,-0.33333334,-0.33333334,-0.25,0.0,1.0
333,-0.33333334,-0.33333334,-0.25,0.0,1.0
334,-0.33333334,0.0,-0.25,1.0,0.0
335,-0.33333334,0.0,-0.25,1.0,0.0
336,-0.33333334,0.0,-0.25,1.0,0.0
337,-0.33333334,0.0,-0.25,0.0,1.0
338,-0.33333334,0.0,-0.25,0.0,1.0
339,-0.33333334,0.0,-0.25,0.0,1.0
340,-0.33333334,0.0,-0.25,1.0,0.0
341,-0.33333334,0.0,-0.25,1.0,0.0
342,-0.33333334,0.0,-0.25,1.0,0.0
343,-0.33333334,0.0,-0.25,0.0,1.0
344,-0.33333334,0.0,-0.25,0.0,1.0
345,-0.33333334,0.0,-0.25,0.0,1.0
346,-0.33333334,0.0,-0.5,1.0,0.0
347,-0.33333334,0.0,-0.5,1.0,0.0
348,-0.33333334,0.0,-0.5,1.0,0.0
349,-0.33333334,0.0,-0.5,0.0,1.0
350,-0.33333334,0.0,-0.5,0.0,1.0
351,-0.33333334,0.0,-0.5,0.0,1.0
352,0.0,-0.33333334,0.5,1.0,0.0
353,0.0,-0.33333334,0.5,1.0,0.0
354,0.0,-0.33333334,0.5,1.0,0.0
355,0.0,-0.33333334,0.5,0.0,1.0
356,0.0,-0.33333334,0.5,0.0,1.0
357,0.0,-0.33333334,0.5,0.0,1.0
358,0.0,0.0,0.5,1.0,0.0
359,0.0,0.0,0.5,1.0,0.0
360,0.0,0.0,0.5,1.0,0.0
361,0.0,0.0,0.5,0.0,1.0
362,2.0,2.0,0.5,0.0,1.0
363,2.0,2.0,0.5,0.0,1.0
364,2.0,2.0,0.5,1.0,0.0
365,2.0,2.0,0.5,1.0,0.0
366,2.0,2.0,0.5,1.0,0.0
367,2.0,2.0,0.5,0.0,1.0
368,2.0,2.0,0.5,0.0,1.0
369,2.0,2.0,0.5,0.0,1.0
370,2.0,2.0,0.5,1.0,0.0
371,2.0,2.0,0.5,1.0,0.0
372,2.0,2.0,0.5,1.0,0.0
373,-0.5,-0.5,1.75,1.0,0.0
374,-0.5,-0.5,1.75,1.0,0.0
375,-0.5,-0.5,1.75,1.0,0.0
376,-0.5,-0.5,1.75,1.0,0.0
377,-0.33333334,-0.33333334,1.75,1.0,0.0
378,-0.33333334,-0.33333334,1.75,1.0,0.0
379,-0.33333334,-0.33333334,1.75,1.0,0.0
380,-0.33333334,-0.33333334,1.75,1.0,0.0
381,-0.33333334,0.0,1.75,1.0,0.0
382,-0.33333334,0.0,1.75,1.0,0.0
383,-0.33333334,0.0,1.75,1.0,0.0
384,-0.33333334,0.0,1.75,1.0,0.0
385,0.0,0.0,1.75,0.0,1.0
386,0.6666667,0.6666667,1.75,0.0,1.0
387,2.0,2.0,1.75,0.0,1.0
388,0.6666667,0.6666667,-0.25,1.0,0.0
389,0.6666667,0.6666667,-0.25,1.0,0.0
390,0.6666667,0.6666667,-0.25,1.0,0.0
391,0.6666667,0.6666667,-0.25,1.0,0.0
392,2.0,2.0,-0.25,1.0,0.0
393,2.0,2.0,-0.25,1.0,0.0
394,2.0,2.0,-0.25,1.0,0.0
395,2.0,2.0,-0.25,1.0,0.0
396,0.33333334,0.33333334,-0.5,1.0,0.0
397,0.33333334,0.33333334,-0.5,1.0,0.0
398,0.33333334,0.33333334,-0.5,0.0,1.0
399,0.33333334,0.33333334,-0.5,0.0,1.0
400,0.33333334,0.33333334,-0.5,1.0,0.0
401,0.33333334,0.33333334,-0.5,1.0,0.0
402,0.6666667,0.6666667,1.75,1.0,0.0
403,0.6666667,0.6666667,1.75,1.0,0.0
404,0.6666667,0.6666667,1.75,0.0,1.0
405,0.0,0.6666667,1.75,0.0,1.0
406,0.0,0.6666667,1.75,0.0,1.0
407,0.0,0.6666667,1.75,0.0,1.0
408,0.0,0.6666667,4.25,1.0,0.0
409,0.0,0.6666667,4.25,1.0,0.0
410,0.0,0.6666667,4.25,1.0,0.0
411,0.0,0.6666667,4.25,0.0,1.0
412,0.0,0.6666667,4.25,0.0,1.0
413,0.0,0.6666667,4.25,0.0,1.0
414,0.0,0.6666667,4.25,1.0,0.0
415,0.0,0.6666667,4.25,1.0,0.0
416,0.0,0.6666667,4.25,1.0,0.0
417,0.0,0.6666667,4.25,0.0,1.0
418,0.0,0.6666667,4.25,0.0,1.0
419,0.0,0.6666667,4.25,0.0,1.0
420,1.0,2.6666667,4.25,1.0,0.0
421,1.0,2.6666667,4.25,1.0,0.0
422,1.0,2.6666667,4.25,1.0,0.0
423,1.0,2.6666667,4.25,0.0,1.0
424,1.0,2.6666667,4.25,0.0,1.0
425,1.0,2.6666667,4.25,0.0,1.0
426,1.0,2.6666667,0.0,1.0,0.0
427,1.0,2.6666667,0.0,1.0,0.0
428,1.0,2.6666667,0.0,1.0,0.0
429,1.0,2.6666667,0.0,0.0,1.0
430,1.0,2.6666667,0.0,0.0,1.0
431,1.0,2.6666667,0.0,0.0,1.0
432,0.0,0.6666667,0.0,1.0,0.0
433,0.0,0.6666667,0.0,1.0,0.0
434,0.0,0.6666667,0.0,1.0,0.0
435,0.0,0.6666667,0.0,0.0,1.0
436,0.0,0.6666667,0.0,0.0,1.0
437,0.0,0.6666667,0.0,0.0,1.0
438,0.0,0.6666667,0.0,1.0,0.0
439,0.0,0.6666667,0.0,1.0,0.0
440,0.0,0.6666667,0.0,1.0,0.0
441,0.0,0.6666667,0.0,0.0,1.0
442,0.0,0.6666667,0.0,0.0,1.0
443,0.0,0.6666667,0.0,0.0,1.0
444,2.0,2.0,0.5,1.0,0.0
445,2.0,2.0,0.5,1.0,0.0
446,2.0,2.0,0.5,1.0,0.0
447,2.0,2.0,0.5,0.0,1.0
448,2.0,2.0,0.5,0.0,1.0
449,2.0,2.0,0.5,0.0,1.0
450,2.0,2.0,0.5,1.0,0.0
451,2.0,2.0,0.5,1.0,0.0
452,2.0,2.0,0.5,1.0,0.0
453,2.0,2.0,0.5,0.0,1.0
454,2.0,2.0,0.5,0.0,1.0
455,2.0,2.0,0.5,0.0,1.0
456,2.0,2.0,1.75,0.0,1.0
457,0.6666667,0.6666667,1.75,0.0,1.0
458,0.6666667,0.6666667,1.75,0.0,1.0
459,0.6666667,0.6666667,1.75,0.0,1.0
460,0.6666667,0.6666667,1.75,0.0,1.0
461,0.6666667,0.6666667,0.5,1.0,0.0
462,0.6666667,0.6666667,0.5,1.0,0.0
463,0.6666667,0.6666667,0.5,0.0,1.0
464,0.6666667,0.6666667,0.5,0.0,1.0
465,-0.33333334,-0.33333334,0.5,1.0,0.0
466,-0.33333334,-0.33333334,0.5,1.0,0.0
467,-0.33333334,-0.33333334,0.5,1.0,0.0
468,-0.33333334,-0.33333334,0.5,0.0,1.0
469,-0.33333334,-0.33333334,0.5,0.0,1.0
470,-0.33333334,-0.33333334,0.5,0.0,1.0
471,-0.33333334,-0.33333334,0.5,1.0,0.0
472,-0.33333334,-0.33333334,0.5,1.0,0.0
473,-0.33333334,-0.33333334,0.5,1.0,0.0
474,2.0,2.0,1.75,0.0,1.0
475,2.0,2.0,1.75,0.0,1.0
476,2.0,2.0,1.75,0.0,1.0
477,2.0,2.0,1.75,1.0,0.0
478,2.0,2.0,0.5,1.0,0.0
479,2.0,2.0,0.5,1.0,0.0
480,2.0,2.0,0.5,0.0,1.0
481,2.0,2.0,0.5,0.0,1.0
482,2.0,2.0,0.5,0.0,1.0
483,0.0,0.0,0.0,1.0,0.0
484,0.0,0.0,0.0,1.0,0.0
485,0.0,0.0,0.0,1.0,0.0
486,0.0,0.0,0.0,0.0,1.0
487,0.0,0.0,0.0,0.0,1.0
488,0.0,0.0,0.0,0.0,1.0
489,0.0,0.0,0.0,1.0,0.0
490,0.0,0.0,0.0,1.0,0.0
491,0.0,0.0,0.0,1.0,0.0
492,-0.33333334,-0.33333334,0.0,0.0,1.0
493,-0.33333334,-0.33333334,0.0,0.0,1.0
494,-0.33333334,-0.33333334,0.0,0.0,1.0
495,-0.33333334,-0.33333334,0.0,1.0,0.0
496,-0.33333334,-0.33333334,0.0,1.0,0.0
497,-0.33333334,-0.33333334,0.0,1.0,0.0
498,-0.33333334,-0.33333334,0.0,0.0,1.0
499,-0.33333334,-0.33333334,0.0,0.0,1.0
500,-0.33333334,-0.33333334,0.0,0.0,1.0
501,0.0,0.0,-0.5,0.0,1.0
502,0.0,0.0,-0.5,0.0,1.0
503,0.0,0.0,-0.5,0.0,1.0
504,0.0,0.0,-0.5,0.0,1.0
505,0.0,0.0,-0.5,0.0,1.0
506,0.0,0.0,-0.5,0.0,1.0
507,-0.5,-0.5833333,-0.5,0.0,1.0
508,-0.5,-0.5833333,-0.5,0.0,1.0
509,-0.5,-0.5833333,-0.5,0.0,1.0
510,-0.5,-0.5833333,-0.5,0.0,1.0
511,-0.5,-0.5833333,-0.5,0.0,1.0
512,-0.5,-0.5833333,-0.5,0.0,1.0
513,-0.33333334,0.0,4.25,0.0,1.0
514,1.0,0.6666667,4.25,0.0,1.0
515,0.6666667,-0.33333334,-0.5,0.0,1.0
516,0.6666667,-0.33333334,-0.5,0.0,1.0
517,0.6666667,2.0,-0.5,0.0,1.0
518,0.6666667,2.0,-0.5,0.0,1.0
519,0.6666667,0.0,-0.5,0.0,1.0
520,0.6666667,0.0,-0.5,0.0,1.0
521,0.6666667,0.6666667,-0.5,0.0,1.0
522,0.6666667,0.6666667,-0.5,0.0,1.0
523,2.0,0.0,-0.5,0.0,1.0
524,2.0,0.0,-0.5,0.0,1.0
525,2.0,0.6666667,-0.5,0.0,1.0
526,2.0,0.6666667,-0.5,0.0,1.0
527,0.6666667,2.0,-0.5,0.0,1.0
528,0.6666667,2.0,-0.5,0.0,1.0
529,2.0,2.0,-0.5,0.0,1.0
530,2.0,2.0,-0.5,0.0,1.0
531,2.0,2.0,-0.5,0.0,1.0
532,2.0,2.0,-0.5,0.0,1.0
533,0.0,0.6666667,-0.5,0.0,1.0
534,0.0,0.6666667,-0.5,0.0,1.0
535,-0.33333334,-0.33333334,-0.5,0.0,1.0
536,-0.33333334,-0.33333334,-0.5,0.0,1.0
537,-0.33333334,0.0,-0.5,0.0,1.0
538,-0.33333334,0.0,-0.5,0.0,1.0
539,0.0,0.0,-0.5,0.0,1.0
540,0.0,0.0,-0.5,0.0,1.0
541,0.0,0.6666667,-0.5,0.0,1.0
542,0.6666667,-0.33333334,-0.5,0.0,1.0
543,0.6666667,-0.33333334,-0.5,0.0,1.0
544,0.6666667,0.6666667,-0.5,0.0,1.0
545,0.6666667,0.6666667,-0.5,0.0,1.0
546,0.6666667,0.0,-0.5,0.0,1.0
547,0.6666667,0.0,-0.5,0.0,1.0
548,0.6666667,2.0,-0.5,0.0,1.0
549,2.0,0.0,-0.5,0.0,1.0
550,2.0,0.0,-0.5,0.0,1.0
551,2.0,0.6666667,-0.5,0.0,1.0
552,2.0,0.6666667,-0.5,0.0,1.0
553,-0.33333334,-0.33333334,-0.5,0.0,1.0
554,-0.33333334,-0.33333334,-0.5,0.0,1.0
555,-0.33333334,0.0,-0.5,0.0,1.0
556,-0.33333334,0.0,-0.5,0.0,1.0
557,0.0,0.0,-0.5,0.0,1.0
558,0.0,0.0,-0.5,0.0,1.0
559,0.0,0.6666667,-0.5,0.0,1.0
560,0.6666667,-0.33333334,-0.5,0.0,1.0
561,0.6666667,-0.33333334,-0.5,0.0,1.0
562,0.6666667,0.6666667,-0.5,0.0,1.0
563,0.6666667,0.6666667,-0.5,0.0,1.0
564,0.6666667,0.0,-0.5,0.0,1.0
565,0.6666667,0.0,-0.5,0.0,1.0
566,0.6666667,2.0,-0.5,0.0,1.0
567,2.0,0.0,-0.5,0.0,1.0
568,2.0,0.0,-0.5,0.0,1.0
569,2.0,0.6666667,-0.5,0.0,1.0
570,2.0,0.6666667,-0.5,0.0,1.0
571,-0.33333334,-0.33333334,-0.5,0.0,1.0
572,-0.33333334,-0.33333334,-0.5,0.0,1.0
573,-0.33333334,0.0,-0.5,0.0,1.0
574,-0.33333334,0.0,-0.5,0.0,1.0
575,0.0,0.0,-0.5,0.0,1.0
576,0.0,0.0,-0.5,0.0,1.0
577,0.0,0.6666667,-0.5,0.0,1.0
578,0.6666667,-0.33333334,-0.5,0.0,1.0
579,0.6666667,-0.33333334,-0.5,0.0,1.0
580,0.6666667,0.6666667,-0.5,0.0,1.0
581,0.6666667,0.6666667,-0.5,0.0,1.0
582,0.6666667,0.0,-0.5,0.0,1.0
583,0.6666667,0.0,-0.5,0.0,1.0
584,0.6666667,2.0,-0.5,0.0,1.0
585,2.0,0.0,-0.5,0.0,1.0
586,2.0,0.0,-0.5,0.0,1.0
587,2.0,0.6666667,-0.5,0.0,1.0
588,2.0,0.6666667,-0.5,0.0,1.0
589,-0.33333334,-0.5,-0.25,0.0,1.0
590,-0.33333334,-0.5,-0.5,0.0,1.0
591,-0.5,-0.5833333,-0.25,0.0,1.0
592,-0.33333334,-0.33333334,-0.5,1.0,0.0
593,-0.33333334,-0.33333334,-0.5,1.0,0.0
594,-0.5,-0.5,0.0,1.0,0.0
595,-0.5,-0.5,0.0,1.0,0.0
596,-0.5,-0.5,0.0,1.0,0.0
597,-0.5,-0.5,0.0,1.0,0.0
598,-0.5,-0.5,-0.5,0.0,1.0
599,-0.5,-0.5,0.0,1.0,0.0
600,-0.5,-0.5,0.0,1.0,0.0
601,-0.5,-0.5,0.0,1.0,0.0
602,-0.5,-0.5,0.0,1.0,0.0
603,-0.5,-0.5,0.0,1.0,0.0
604,-0.5,-0.5,0.0,1.0,0.0
605,-0.5,-0.5,0.0,1.0,0.0
606,-0.5,-0.5,0.0,1.0,0.0
607,-0.5,-0.5,0.0,1.0,0.0
608,-0.5,-0.5,0.0,1.0,0.0
609,-0.33333334,-0.33333334,-0.5,0.0,1.0
610,-0.33333334,-0.33333334,-0.5,0.0,1.0
611,-0.5,-0.5,0.0,1.0,0.0
612,-0.5,-0.5,0.0,1.0,0.0
613,-0.5,-0.5,1.75,1.0,0.0
614,-0.5,-0.5,0.0,1.0,0.0
615,-0.5,-0.5,1.75,1.0,0.0
616,-0.5,-0.5,1.75,1.0,0.0
617,-0.5,-0.5,0.0,1.0,0.0
618,-0.5,-0.5,1.75,1.0,0.0
619,-0.5,-0.5,1.75,1.0,0.0
620,-0.5,-0.5,1.75,1.0,0.0
621,-0.33333334,-0.33333334,-0.5,1.0,0.0
622,-0.5,-0.5,1.75,1.0,0.0
623,-0.5,-0.5,1.75,1.0,0.0
624,-0.5,-0.5,1.75,1.0,0.0
625,-0.5,-0.5,1.75,1.0,0.0
626,-0.5,-0.5,1.75,1.0,0.0
627,-0.33333334,-0.33333334,-0.5,1.0,0.0
628,-0.5,-0.5,1.75,1.0,0.0
629,-0.5,-0.5,1.75,1.0,0.0
630,-0.33333334,-0.33333334,-0.5,1.0,0.0
631,-0.5,-0.5,1.75,1.0,0.0
632,-0.5,-0.5,0.0,1.0,0.0
633,-0.33333334,0.0,-0.5,0.0,1.0
634,-0.5,-0.5,0.0,1.0,0.0
635,-0.33333334,-0.33333334,-0.5,0.0,1.0
636,-0.33333334,-0.33333334,-0.5,1.0,0.0
637,-0.5,-0.5,1.75,1.0,0.0
638,-0.5,-0.5,1.75,1.0,0.0
639,-0.5,-0.5,1.75,1.0,0.0
640,-0.5,-0.5833333,-0.25,0.0,1.0
641,-0.5,-0.5,1.75,1.0,0.0
642,-0.5,-0.5,1.75,1.0,0.0
643,-0.33333334,-0.33333334,-0.5,1.0,0.0
644,-0.5,-0.5,1.75,1.0,0.0
645,-0.33333334,-0.33333334,-0.5,0.0,1.0
646,-0.33333334,-0.33333334,-0.5,0.0,1.0
647,-0.33333334,0.0,-0.5,0.0,1.0
648,-0.33333334,-0.33333334,-0.5,1.0,0.0
649,-0.33333334,-0.5,-0.25,0.0,1.0
650,-0.5,-0.5,1.75,1.0,0.0
651,-0.33333334,-0.33333334,-0.5,0.0,1.0
652,-0.5,-0.5,1.75,1.0,0.0
653,-0.33333334,-0.5,-0.25,0.0,1.0
654,-0.33333334,-0.33333334,-0.5,0.0,1.0
655,-0.33333334,-0.5,-0.25,0.0,1.0
656,-0.33333334,-0.5,-0.25,0.0,1.0
657,-0.33333334,-0.33333334,-0.5,1.0,0.0
658,-0.33333334,-0.33333334,-0.5,1.0,0.0
659,-0.33333334,-0.33333334,-0.5,1.0,0.0
660,-0.33333334,-0.33333334,0.5,1.0,0.0
661,-0.33333334,-0.5,-0.25,0.0,1.0
662,-0.33333334,-0.5,0.0,0.0,1.0
663,-0.5,-0.5,1.75,1.0,0.0
664,-0.5,-0.5,-0.5,0.0,1.0
665,-0.33333334,-0.33333334,0.25,0.0,1.0
666,-0.33333334,-0.33333334,-0.5,0.0,1.0
667,-0.5,-0.5,1.75,1.0,0.0
668,-0.33333334,-0.33333334,0.5,1.0,0.0
669,-0.33333334,-0.5,-0.25,0.0,1.0
670,-0.5,-0.5,0.25,1.0,0.0
671,-0.33333334,-0.33333334,0.0,1.0,0.0
672,-0.33333334,-0.5,-0.25,1.0,0.0
673,-0.33333334,-0.33333334,-0.5,0.0,1.0
674,-0.5,-0.5,0.25,1.0,0.0
675,-0.33333334,-0.5,-0.25,1.0,0.0
676,-0.5,-0.5,1.75,1.0,0.0
677,-0.33333334,-0.33333334,-0.5,0.0,1.0
678,-0.33333334,-0.5,-0.25,0.0,1.0
679,-0.5,-0.5,1.75,1.0,0.0
680,-0.5,-0.5,1.75,1.0,0.0
681,-0.33333334,-0.5,-0.25,0.0,1.0
682,-0.5,-0.5,1.75,1.0,0.0
683,-0.33333334,-0.5,-0.25,0.0,1.0
684,-0.5,-0.5,1.75,1.0,0.0
685,-0.33333334,-0.33333334,0.5,1.0,0.0
686,0.0,-0.33333334,-0.5,0.0,1.0
687,-0.33333334,-0.33333334,0.5,1.0,0.0
688,-0.33333334,-0.33333334,-0.5,0.0,1.0
689,-0.33333334,-0.33333334,0.5,1.0,0.0
690,-0.33333334,-0.33333334,0.5,1.0,0.0
691,-0.33333334,-0.5,-0.25,0.0,1.0
692,-0.33333334,-0.5,-0.25,0.0,1.0
693,0.0,-0.33333334,-0.5,0.0,1.0
694,-0.33333334,-0.33333334,1.75,1.0,0.0
695,-0.33333334,-0.33333334,-0.5,0.0,1.0
696,-0.33333334,-0.33333334,1.75,1.0,0.0
697,-0.33333334,-0.5,-0.25,0.0,1.0
698,0.0,-0.33333334,0.25,0.0,1.0
699,-0.33333334,-0.33333334,-0.25,1.0,0.0
700,-0.33333334,-0.33333334,0.5,1.0,0.0
701,-0.33333334,-0.5,-0.25,0.0,1.0
702,-0.33333334,-0.33333334,-0.25,1.0,0.0
703,-0.33333334,0.0,1.75,1.0,0.0
704,-0.33333334,-0.33333334,-0.5,1.0,0.0
705,-0.33333334,-0.33333334,-0.5,1.0,0.0
706,-0.33333334,-0.33333334,1.75,1.0,0.0
707,0.0,-0.33333334,-0.25,0.0,1.0
708,-0.33333334,-0.5,0.0,0.0,1.0
709,-0.33333334,-0.33333334,-0.5,1.0,0.0
710,-0.33333334,-0.33333334,-0.25,1.0,0.0
711,-0.5,-0.5,1.75,1.0,0.0
712,-0.33333334,-0.33333334,-0.5,0.0,1.0
713,-0.33333334,-0.33333334,-0.25,1.0,0.0
714,-0.33333334,0.0,1.75,1.0,0.0
715,-0.33333334,-0.33333334,-0.5,1.0,0.0
716,-0.5,-0.5833333,-0.5,0.0,1.0
717,-0.5,-0.5833333,-0.5,0.0,1.0
718,-0.33333334,-0.33333334,-0.5,0.0,1.0
719,-0.33333334,-0.33333334,-0.5,0.0,1.0
720,-0.33333334,-0.33333334,-0.25,1.0,0.0
721,-0.33333334,-0.33333334,-0.25,1.0,0.0
722,-0.33333334,-0.33333334,0.0,1.0,0.0
723,-0.33333334,-0.33333334,-0.25,1.0,0.0
724,-0.33333334,-0.33333334,0.5,0.0,1.0
725,-0.33333334,-0.33333334,-0.5,0.0,1.0
726,-0.33333334,0.0,1.75,1.0,0.0
727,-0.33333334,-0.33333334,-0.5,1.0,0.0
728,-0.33333334,-0.33333334,0.5,1.0,0.0
729,-0.5,-0.5833333,-0.5,0.0,1.0
730,-0.33333334,-0.33333334,-0.5,1.0,0.0
731,-0.33333334,-0.33333334,0.25,0.0,1.0
732,-0.33333334,0.0,-0.25,0.0,1.0
733,-0.5,-0.5,0.0,1.0,0.0
734,-0.33333334,-0.33333334,-0.25,0.0,1.0
735,-0.33333334,-0.33333334,-0.5,1.0,0.0
736,-0.33333334,-0.33333334,0.5,1.0,0.0
737,-0.33333334,-0.33333334,-0.25,0.0,1.0
738,-0.5,-0.5,0.0,1.0,0.0
739,-0.33333334,-0.5,0.0,0.0,1.0
740,-0.5,-0.5,-0.25,0.0,1.0
741,-0.33333334,-0.33333334,-0.5,0.0,1.0
742,-0.33333334,-0.33333334,-0.25,0.0,1.0
743,-0.33333334,-0.33333334,0.5,1.0,0.0
744,-0.33333334,-0.33333334,-0.5,0.0,1.0
745,-0.5,-0.5,-0.25,0.0,1.0
746,-0.33333334,-0.33333334,-0.25,0.0,1.0
747,-0.33333334,-0.33333334,0.5,1.0,0.0
748,-0.33333334,-0.33333334,0.5,1.0,0.0
749,-0.33333334,-0.33333334,-0.25,1.0,0.0
750,-0.33333334,-0.33333334,-0.5,0.0,1.0
751,-0.33333334,-0.33333334,0.5,1.0,0.0
752,-0.33333334,0.0,1.75,1.0,0.0
753,-0.33333334,-0.33333334,0.5,1.0,0.0
754,-0.33333334,0.0,-0.5,1.0,0.0
755,-0.33333334,-0.33333334,-0.25,0.0,1.0
756,-0.33333334,0.0,-0.25,1.0,0.0
757,-0.33333334,0.0,-0.5,1.0,0.0
758,-0.33333334,-0.33333334,-0.25,0.0,1.0
759,-0.33333334,-0.33333334,0.5,0.0,1.0
760,-0.33333334,0.0,-0.25,1.0,0.0
761,-0.33333334,0.0,-0.5,0.0,1.0
762,-0.33333334,-0.33333334,-0.5,0.0,1.0
763,-0.33333334,0.0,-0.5,0.0,1.0
764,-0.33333334,-0.33333334,-0.25,1.0,0.0
765,-0.33333334,-0.5,0.0,0.0,1.0
766,0.0,0.6666667,-0.25,0.0,1.0
767,0.6666667,0.0,-0.25,0.0,1.0
768,-0.5,-0.5,-0.25,0.0,1.0
769,-0.33333334,-0.33333334,-0.25,0.0,1.0
770,-0.33333334,-0.33333334,-0.25,1.0,0.0
771,-0.33333334,-0.33333334,1.75,1.0,0.0
772,-0.33333334,-0.33333334,-0.25,0.0,1.0
773,-0.33333334,-0.33333334,-0.25,0.0,1.0
774,0.6666667,0.0,-0.25,0.0,1.0
775,0.0,0.6666667,-0.25,0.0,1.0
776,-0.33333334,-0.33333334,0.5,1.0,0.0
777,-0.33333334,0.0,-0.25,0.0,1.0
778,-0.33333334,-0.33333334,0.0,1.0,0.0
779,-0.33333334,-0.33333334,-0.25,1.0,0.0
780,-0.33333334,0.0,-0.25,0.0,1.0
781,0.6666667,0.0,1.25,0.0,1.0
782,-0.33333334,-0.33333334,-0.25,0.0,1.0
783,-0.33333334,-0.33333334,-0.5,1.0,0.0
784,-0.33333334,0.0,-0.25,1.0,0.0
785,-0.33333334,-0.33333334,-0.25,0.0,1.0
786,-0.33333334,-0.33333334,0.5,1.0,0.0
787,-0.5,-0.5833333,-0.5,0.0,1.0
788,-0.5,-0.5833333,-0.5,0.0,1.0
789,-0.33333334,-0.33333334,0.5,0.0,1.0
790,0.6666667,0.0,1.25,0.0,1.0
791,-0.33333334,-0.33333334,-0.5,0.0,1.0
792,-0.33333334,-0.33333334,-0.25,0.0,1.0
793,-0.33333334,-0.33333334,0.0,1.0,0.0
794,-0.5,-0.5833333,-0.5,0.0,1.0
795,-0.33333334,-0.33333334,-0.25,1.0,0.0
796,-0.33333334,0.0,-0.5,1.0,0.0
797,-0.33333334,-0.33333334,-0.25,0.0,1.0
798,-0.33333334,0.0,-0.5,1.0,0.0
799,-0.33333334,0.0,-0.25,1.0,0.0
800,-0.33333334,0.0,-0.5,1.0,0.0
801,-0.33333334,0.0,-0.5,0.0,1.0
802,-0.33333334,-0.33333334,-0.5,0.0,1.0
803,-0.33333334,0.0,-0.5,0.0,1.0
804,-0.33333334,0.0,-0.5,0.0,1.0
805,-0.33333334,-0.33333334,-0.5,1.0,0.0
806,-0.33333334,-0.33333334,-0.25,0.0,1.0
807,-0.33333334,-0.33333334,-0.5,1.0,0.0
808,-0.33333334,0.0,-0.5,0.0,1.0
809,-0.33333334,-0.33333334,-0.5,0.0,1.0
810,-0.33333334,-0.33333334,-0.25,0.0,1.0
811,-0.33333334,-0.33333334,0.5,1.0,0.0
812,-0.33333334,-0.33333334,0.5,1.0,0.0
813,-0.33333334,0.0,-0.25,1.0,0.0
814,-0.33333334,-0.33333334,-0.5,0.0,1.0
815,-0.33333334,-0.33333334,0.5,1.0,0.0
816,-0.33333334,0.0,-0.25,0.0,1.0
817,-0.33333334,-0.33333334,0.5,1.0,0.0
818,-0.33333334,-0.33333334,0.5,1.0,0.0
819,-0.33333334,-0.33333334,0.5,1.0,0.0
820,-0.33333334,-0.33333334,-0.5,0.0,1.0
821,-0.33333334,-0.33333334,0.5,1.0,0.0
822,-0.33333334,0.0,-0.25,1.0,0.0
823,-0.33333334,-0.33333334,-0.5,0.0,1.0
824,-0.33333334,-0.33333334,0.5,1.0,0.0
825,-0.33333334,-0.33333334,-0.5,1.0,0.0
826,-0.33333334,0.0,-0.5,0.0,1.0
827,-0.33333334,0.0,-0.25,1.0,0.0
828,-0.5,-0.5,1.75,0.0,1.0
829,-0.33333334,0.0,-0.5,0.0,1.0
830,-0.33333334,-0.33333334,0.5,1.0,0.0
831,-0.33333334,-0.33333334,0.5,1.0,0.0
832,-0.33333334,-0.33333334,0.5,1.0,0.0
833,-0.33333334,-0.33333334,0.5,1.0,0.0
834,-0.33333334,-0.33333334,0.5,1.0,0.0
835,-0.33333334,-0.33333334,0.5,1.0,0.0
836,-0.33333334,-0.33333334,0.5,1.0,0.0
837,0.0,0.6666667,4.25,1.0,0.0
838,-0.33333334,-0.33333334,0.5,1.0,0.0
839,-0.33333334,0.0,-0.25,0.0,1.0
840,-0.33333334,0.0,-0.5,1.0,0.0
841,-0.5,-0.5,1.75,0.0,1.0
842,-0.33333334,0.0,-0.5,0.0,1.0
843,-0.33333334,-0.33333334,0.5,1.0,0.0
844,-0.33333334,0.0,-0.25,1.0,0.0
845,-0.33333334,-0.33333334,-0.5,1.0,0.0
846,-0.33333334,-0.33333334,0.5,1.0,0.0
847,-0.5,-0.5,1.75,0.0,1.0
848,0.0,-0.33333334,0.0,1.0,0.0
849,-0.33333334,0.0,-0.5,1.0,0.0
850,-0.33333334,0.0,-0.25,1.0,0.0
851,0.0,-0.33333334,0.0,1.0,0.0
852,-0.33333334,0.0,-0.5,1.0,0.0
853,-0.33333334,0.0,-0.25,1.0,0.0
854,-0.33333334,0.0,-0.5,0.0,1.0
855,0.0,-0.33333334,0.0,1.0,0.0
856,-0.33333334,0.0,-0.5,0.0,1.0
857,-0.33333334,0.0,-0.25,1.0,0.0
858,0.0,0.6666667,4.25,1.0,0.0
859,-0.33333334,-0.33333334,-0.5,0.0,1.0
860,-0.33333334,0.0,-0.5,1.0,0.0
861,-0.33333334,0.0,-0.5,0.0,1.0
862,0.0,-0.33333334,0.5,1.0,0.0
863,-0.33333334,0.0,-0.5,0.0,1.0
864,-0.33333334,0.0,-0.5,1.0,0.0
865,-0.33333334,-0.33333334,-0.5,1.0,0.0
866,-0.33333334,0.0,-0.5,0.0,1.0
867,0.6666667,2.0,0.25,0.0,1.0
868,-0.5,-0.5,1.75,0.0,1.0
869,-0.33333334,0.0,-0.25,0.0,1.0
870,-0.33333334,0.0,-0.25,0.0,1.0
871,-0.33333334,0.0,-0.5,0.0,1.0
872,-0.33333334,0.0,-0.25,0.0,1.0
873,-0.33333334,-0.33333334,-0.5,0.0,1.0
874,0.0,-0.33333334,0.0,1.0,0.0
875,0.0,-0.33333334,0.0,1.0,0.0
876,-0.33333334,0.0,-0.5,0.0,1.0
877,-0.33333334,0.0,-0.25,0.0,1.0
878,0.0,-0.33333334,0.0,1.0,0.0
879,-0.33333334,0.0,0.0,1.0,0.0
880,-0.33333334,0.0,-0.25,0.0,1.0
881,0.6666667,2.0,0.25,0.0,1.0
882,-0.33333334,-0.33333334,-0.5,0.0,1.0
883,0.0,-0.33333334,0.0,1.0,0.0
884,-0.33333334,0.0,-0.5,1.0,0.0
885,-0.33333334,0.0,-0.25,1.0,0.0
886,0.0,-0.33333334,0.0,0.0,1.0
887,-0.33333334,0.0,-0.5,1.0,0.0
888,-0.33333334,0.0,-0.5,0.0,1.0
889,-0.33333334,0.0,-0.5,1.0,0.0
890,-0.33333334,0.0,-0.5,1.0,0.0
891,-0.33333334,0.0,-0.25,0.0,1.0
892,0.0,0.6666667,4.25,1.0,0.0
893,-0.33333334,0.0,-0.5,0.0,1.0
894,-0.33333334,0.0,-0.25,0.0,1.0
895,-0.33333334,0.0,-0.5,0.0,1.0
896,-0.33333334,0.0,-0.5,0.0,1.0
897,0.0,0.6666667,4.25,1.0,0.0
898,-0.33333334,0.0,0.0,1.0,0.0
899,0.0,0.6666667,4.25,1.0,0.0
900,0.0,0.6666667,0.0,0.0,1.0
901,-0.33333334,0.0,-0.5,1.0,0.0
902,-0.33333334,0.0,-0.5,0.0,1.0
903,0.33333334,0.33333334,-0.5,1.0,0.0
904,-0.33333334,0.0,1.75,0.0,1.0
905,0.0,0.6666667,4.25,0.0,1.0
906,-0.33333334,0.0,4.25,0.0,1.0
907,0.33333334,0.33333334,-0.5,0.0,1.0
908,0.0,0.6666667,4.25,1.0,0.0
909,0.0,0.6666667,4.25,0.0,1.0
910,0.0,0.0,1.75,0.0,1.0
911,0.0,0.0,1.75,0.0,1.0
912,0.33333334,0.33333334,-0.5,0.0,1.0
913,0.0,0.0,1.75,0.0,1.0
914,0.0,0.0,1.75,0.0,1.0
915,0.0,0.0,1.75,0.0,1.0
916,0.0,0.0,1.75,0.0,1.0
917,0.0,0.0,1.75,0.0,1.0
918,0.0,0.0,1.75,0.0,1.0
919,0.6666667,0.6666667,-0.25,1.0,0.0
920,0.0,0.0,0.0,1.0,0.0
921,0.0,0.0,1.75,0.0,1.0
922,0.0,0.0,1.75,0.0,1.0
923,0.0,0.6666667,1.75,0.0,1.0
924,0.0,-0.33333334,0.5,0.0,1.0
925,0.0,0.0,-0.25,1.0,0.0
926,0.33333334,0.33333334,-0.5,1.0,0.0
927,0.0,0.0,1.75,0.0,1.0
928,0.0,0.0,1.75,0.0,1.0
929,0.0,-0.33333334,0.5,1.0,0.0
930,0.0,0.6666667,4.25,0.0,1.0
931,0.0,0.0,1.75,0.0,1.0
932,0.33333334,0.33333334,-0.5,1.0,0.0
933,0.0,0.0,1.75,0.0,1.0
934,0.0,0.0,1.75,0.0,1.0
935,0.0,0.0,1.75,0.0,1.0
936,0.0,0.0,0.5,1.0,0.0
937,0.0,0.0,1.75,0.0,1.0
938,0.0,-0.33333334,0.5,0.0,1.0
939,0.0,0.0,0.0,1.0,0.0
940,-0.33333334,0.0,1.75,0.0,1.0
941,0.0,0.0,-0.5,0.0,1.0
942,0.0,0.0,-0.5,0.0,1.0
943,0.0,0.0,1.75,0.0,1.0
944,0.0,0.0,0.0,1.0,0.0
945,0.6666667,0.6666667,-0.25,1.0,0.0
946,0.6666667,0.6666667,0.5,0.0,1.0
947,0.6666667,0.6666667,1.75,0.0,1.0
948,0.0,0.6666667,0.0,0.0,1.0
949,0.0,0.0,0.0,0.0,1.0
950,-0.33333334,-0.33333334,-0.5,0.0,1.0
951,0.0,0.0,0.5,0.0,1.0
952,0.0,0.6666667,1.75,0.0,1.0
953,2.0,2.0,0.5,1.0,0.0
954,0.6666667,-0.33333334,-0.5,0.0,1.0
955,0.0,0.0,0.5,1.0,0.0
956,0.0,0.0,1.75,0.0,1.0
957,0.6666667,0.6666667,0.5,1.0,0.0
958,0.0,0.0,1.75,0.0,1.0
959,0.6666667,0.6666667,-0.25,1.0,0.0
960,0.0,0.0,-0.5,0.0,1.0
961,0.0,0.0,-0.5,0.0,1.0
962,0.0,-0.33333334,0.5,1.0,0.0
963,2.0,0.6666667,0.25,0.0,1.0
964,0.6666667,0.0,0.5,1.0,0.0
965,0.0,0.0,-0.5,0.0,1.0
966,0.0,-0.33333334,0.5,0.0,1.0
967,0.6666667,0.0,-0.5,0.0,1.0
968,0.0,0.0,-0.5,0.0,1.0
969,0.0,0.6666667,0.0,0.0,1.0
970,0.33333334,0.33333334,0.0,1.0,0.0
971,0.6666667,0.0,0.5,1.0,0.0
972,0.6666667,0.6666667,1.75,0.0,1.0
973,0.0,0.0,-0.25,0.0,1.0
974,0.33333334,0.33333334,0.0,1.0,0.0
975,0.0,0.6666667,-0.5,0.0,1.0
976,0.0,0.0,1.75,1.0,0.0
977,0.33333334,0.33333334,0.0,1.0,0.0
978,0.0,0.0,0.0,0.0,1.0
979,0.33333334,0.33333334,0.0,1.0,0.0
980,0.0,0.0,0.5,1.0,0.0
981,0.0,0.6666667,-0.5,0.0,1.0
982,0.0,0.0,-0.25,0.0,1.0
983,0.33333334,0.33333334,0.0,1.0,0.0
984,0.6666667,0.0,0.5,1.0,0.0
985,0.6666667,-0.33333334,-0.5,0.0,1.0
986,0.6666667,0.6666667,0.5,0.0,1.0
987,0.0,0.0,-0.5,0.0,1.0
988,0.33333334,0.33333334,0.0,1.0,0.0
989,2.0,2.0,0.5,1.0,0.0
990,0.0,0.6666667,-0.5,0.0,1.0
991,0.6666667,0.6666667,-0.5,0.0,1.0
992,0.0,0.0,-0.5,0.0,1.0
993,2.0,0.6666667,0.25,0.0,1.0
994,0.0,0.6666667,0.0,0.0,1.0
995,0.0,0.0,-0.5,0.0,1.0
996,2.0,0.6666667,0.25,0.0,1.0
997,0.6666667,0.0,0.5,1.0,0.0
998,2.0,0.6666667,0.25,0.0,1.0
999,0.6666667,0.0,-0.5,0.0,1.0
1000,0.0,0.6666667,-0.5,0.0,1.0
1001,0.6666667,0.6666667,-0.25,1.0,0.0
1002,0.0,0.6666667,4.25,0.0,1.0
1003,0.0,0.0,0.0,1.0,0.0
1004,0.0,0.0,1.75,0.0,1.0
1005,0.0,0.0,-0.5,0.0,1.0
1006,0.6666667,0.6666667,1.75,0.0,1.0
1007,0.0,0.0,-0.5,0.0,1.0
1008,0.0,0.6666667,-0.5,0.0,1.0
1009,0.0,0.0,1.75,0.0,1.0
1010,0.0,0.6666667,0.0,1.0,0.0
1011,0.0,0.6666667,4.25,0.0,1.0
1012,0.0,0.0,-0.25,0.0,1.0
1013,0.0,0.0,0.0,1.0,0.0
1014,0.0,0.6666667,0.0,0.0,1.0
1015,0.0,0.0,1.75,0.0,1.0
1016,0.0,0.0,0.0,1.0,0.0
1017,2.0,0.6666667,0.25,0.0,1.0
1018,0.0,0.0,0.0,1.0,0.0
1019,0.6666667,-0.33333334,-0.5,0.0,1.0
1020,2.0,0.6666667,0.25,0.0,1.0
1021,0.0,0.0,-0.5,0.0,1.0
1022,0.0,0.0,0.25,0.0,1.0
1023,0.6666667,0.6666667,-0.5,0.0,1.0
1024,0.0,0.0,0.25,0.0,1.0
1025,0.0,0.6666667,0.0,1.0,0.0
1026,0.6666667,0.0,-0.5,0.0,1.0
1027,0.33333334,0.33333334,0.5,1.0,0.0
1028,0.0,0.6666667,4.25,0.0,1.0
1029,0.6666667,2.0,-0.5,0.0,1.0
1030,0.0,0.6666667,0.0,0.0,1.0
1031,2.0,2.0,0.5,0.0,1.0
1032,0.0,0.0,0.0,1.0,0.0
1033,0.0,0.6666667,0.0,1.0,0.0
1034,0.6666667,-0.33333334,-0.5,0.0,1.0
1035,0.6666667,-0.33333334,-0.5,0.0,1.0
1036,0.33333334,0.33333334,0.5,1.0,0.0
1037,2.0,0.6666667,0.25,0.0,1.0
1038,0.6666667,0.6666667,0.5,1.0,0.0
1039,0.6666667,0.6666667,-0.5,0.0,1.0
1040,0.0,0.6666667,0.0,1.0,0.0
1041,0.6666667,0.0,-0.5,0.0,1.0
1042,0.0,0.0,0.0,1.0,0.0
1043,0.6666667,2.0,-0.5,0.0,1.0
1044,0.6666667,-0.33333334,-0.5,0.0,1.0
1045,2.0,0.6666667,0.25,0.0,1.0
1046,0.0,0.6666667,1.75,0.0,1.0
1047,0.6666667,0.0,-0.5,0.0,1.0
1048,2.0,0.6666667,0.25,0.0,1.0
1049,0.0,0.6666667,0.0,0.0,1.0
1050,0.6666667,0.6666667,1.75,0.0,1.0
1051,0.6666667,-0.33333334,-0.5,0.0,1.0
1052,0.6666667,2.0,-0.5,0.0,1.0
1053,0.6666667,0.0,-0.5,0.0,1.0
1054,0.0,-0.33333334,0.0,1.0,0.0
1055,0.6666667,0.6666667,1.75,0.0,1.0
1056,0.0,0.6666667,0.0,1.0,0.0
1057,0.33333334,0.33333334,0.5,1.0,0.0
1058,0.33333334,0.33333334,0.0,1.0,0.0
1059,0.0,0.6666667,0.0,1.0,0.0
1060,0.6666667,0.6666667,-0.5,0.0,1.0
1061,2.0,0.6666667,0.25,0.0,1.0
1062,0.33333334,0.33333334,0.0,1.0,0.0
1063,0.6666667,0.0,0.5,0.0,1.0
1064,0.33333334,0.33333334,0.0,1.0,0.0
1065,0.6666667,2.0,-0.5,0.0,1.0
1066,0.33333334,0.33333334,0.0,1.0,0.0
1067,0.6666667,0.0,-0.5,0.0,1.0
1068,0.6666667,0.0,0.5,1.0,0.0
1069,0.6666667,-0.33333334,-0.5,0.0,1.0
1070,0.6666667,0.6666667,-0.5,0.0,1.0
1071,0.33333334,0.33333334,0.0,1.0,0.0
1072,0.0,-0.33333334,0.0,1.0,0.0
1073,0.33333334,0.33333334,0.0,1.0,0.0
1074,2.0,2.0,0.5,1.0,0.0
1075,2.0,0.6666667,0.25,0.0,1.0
1076,0.6666667,2.0,-0.5,0.0,1.0
1077,0.6666667,0.6666667,-0.5,0.0,1.0
1078,2.0,0.6666667,0.25,0.0,1.0
1079,2.0,0.6666667,0.25,0.0,1.0
1080,0.33333334,0.33333334,0.0,1.0,0.0
1081,0.6666667,0.0,-0.5,0.0,1.0
1082,0.33333334,0.33333334,0.0,1.0,0.0
1083,0.6666667,0.6666667,1.75,0.0,1.0
1084,0.6666667,2.0,-0.5,0.0,1.0
1085,0.6666667,2.0,0.5,1.0,0.0
1086,0.6666667,2.0,-0.5,0.0,1.0
1087,0.33333334,0.33333334,0.0,1.0,0.0
1088,0.33333334,0.33333334,0.0,1.0,0.0
1089,0.6666667,0.6666667,-0.5,0.0,1.0
1090,0.33333334,0.33333334,0.0,1.0,0.0
1091,0.33333334,0.33333334,0.0,1.0,0.0
1092,0.33333334,0.33333334,0.0,1.0,0.0
1093,2.0,0.6666667,0.25,0.0,1.0
1094,0.33333334,0.33333334,0.0,1.0,0.0
1095,0.6666667,0.6666667,-0.5,0.0,1.0
1096,0.33333334,0.33333334,-0.5,1.0,0.0
1097,0.6666667,0.0,0.5,1.0,0.0
1098,2.0,2.0,1.75,0.0,1.0
1099,2.0,2.0,0.5,1.0,0.0
1100,2.0,2.0,0.5,1.0,0.0
1101,0.6666667,0.6666667,1.75,0.0,1.0
1102,2.0,2.0,0.5,1.0,0.0
1103,0.33333334,0.33333334,0.5,1.0,0.0
1104,0.6666667,0.0,0.5,0.0,1.0
1105,0.33333334,0.33333334,0.5,1.0,0.0
1106,0.6666667,0.6666667,1.75,1.0,0.0
1107,2.0,2.0,0.5,0.0,1.0
1108,2.0,2.0,1.75,0.0,1.0
1109,2.0,2.0,0.5,1.0,0.0
1110,2.0,2.0,0.5,1.0,0.0
1111,0.6666667,0.6666667,1.75,0.0,1.0
1112,0.33333334,0.33333334,0.5,1.0,0.0
1113,0.33333334,0.33333334,0.5,1.0,0.0
1114,0.6666667,2.0,-0.5,0.0,1.0
1115,2.0,0.6666667,0.25,0.0,1.0
1116,0.6666667,0.6666667,1.75,1.0,0.0
1117,2.0,2.0,0.5,1.0,0.0
1118,2.0,0.6666667,0.25,0.0,1.0
1119,2.0,2.0,0.5,1.0,0.0
1120,0.6666667,0.6666667,1.75,0.0,1.0
1121,2.0,2.0,0.5,1.0,0.0
1122,2.0,2.0,-0.25,1.0,0.0
1123,2.0,2.0,0.5,1.0,0.0
1124,2.0,0.6666667,0.25,0.0,1.0
1125,0.0,0.0,0.25,0.0,1.0
1126,2.0,2.0,0.5,0.0,1.0
1127,0.0,0.0,0.25,0.0,1.0
1128,2.0,0.6666667,0.5,1.0,0.0
1129,2.0,0.6666667,0.25,0.0,1.0
1130,0.6666667,0.6666667,1.75,0.0,1.0
1131,2.0,0.6666667,-0.25,0.0,1.0
1132,2.0,2.0,1.75,0.0,1.0
1133,2.0,2.0,0.5,1.0,0.0
1134,2.0,2.0,1.75,0.0,1.0
1135,2.0,2.0,0.5,1.0,0.0
1136,2.0,2.0,0.5,0.0,1.0
1137,0.6666667,0.6666667,1.75,0.0,1.0
1138,2.0,2.0,-0.25,1.0,0.0
1139,2.0,2.0,0.5,0.0,1.0
1140,2.0,2.0,0.5,0.0,1.0
1141,2.0,2.0,0.5,0.0,1.0
1142,2.0,2.0,-0.25,1.0,0.0
1143,2.0,0.6666667,0.25,0.0,1.0
1144,2.0,2.0,0.5,1.0,0.0
1145,2.0,2.0,0.5,1.0,0.0
1146,2.0,0.6666667,0.5,1.0,0.0
1147,2.0,2.0,1.75,1.0,0.0
1148,2.0,2.0,0.5,1.0,0.0
1149,2.0,2.0,0.5,1.0,0.0
1150,2.0,0.6666667,-0.25,0.0,1.0
1151,2.0,2.0,0.5,1.0,0.0
1152,2.0,0.6666667,0.25,0.0,1.0
1153,2.0,2.0,0.5,1.0,0.0
1154,2.0,2.0,0.5,1.0,0.0
1155,2.0,2.0,0.5,0.0,1.0
1156,2.0,2.0,0.5,1.0,0.0
1157,2.0,2.0,-0.25,1.0,0.0
1158,2.0,2.0,0.5,0.0,1.0
1159,2.0,2.0,0.5,0.0,1.0
1160,2.0,2.0,0.5,0.0,1.0
1161,2.0,2.0,0.5,0.0,1.0
1162,1.0,2.6666667,4.25,1.0,0.0
1163,1.0,2.6666667,4.25,1.0,0.0
1164,2.0,2.0,0.5,1.0,0.0
1165,2.0,2.0,0.5,1.0,0.0
1166,2.0,2.0,0.5,1.0,0.0
1167,2.0,0.6666667,0.25,0.0,1.0
1168,2.0,2.0,0.5,1.0,0.0
1169,2.0,0.6666667,0.25,0.0,1.0
1170,1.0,2.6666667,4.25,0.0,1.0
1171,2.0,2.0,0.5,1.0,0.0
1172,2.0,0.6666667,0.25,0.0,1.0
1173,2.0,0.6666667,0.25,0.0,1.0
1174,1.0,2.6666667,4.25,1.0,0.0
1175,2.0,0.6666667,0.25,0.0,1.0
1176,1.0,2.6666667,0.0,1.0,0.0
1177,1.0,2.6666667,4.25,0.0,1.0
1178,2.0,0.6666667,0.25,0.0,1.0
1179,1.0,2.6666667,0.0,0.0,1.0
1180,2.0,0.0,-0.5,0.0,1.0
1181,2.0,2.0,0.5,1.0,0.0
1182,2.0,2.0,0.5,1.0,0.0
1183,2.0,0.6666667,0.25,0.0,1.0
1184,1.0,2.6666667,0.0,1.0,0.0
1185,2.0,2.0,0.5,1.0,0.0
1186,2.0,2.0,1.75,0.0,1.0
1187,1.0,2.6666667,0.0,0.0,1.0
1188,2.0,0.6666667,-0.5,0.0,1.0
1189,2.0,2.0,0.5,1.0,0.0
1190,2.0,2.0,0.5,0.0,1.0
1191,2.0,2.0,0.5,1.0,0.0
1192,2.0,2.0,0.5,1.0,0.0
1193,2.0,2.0,0.5,1.0,0.0
1194,2.0,0.0,-0.5,0.0,1.0
1195,2.0,2.0,0.5,1.0,0.0
1196,2.0,2.0,0.5,1.0,0.0
1197,2.0,0.6666667,0.25,0.0,1.0
1198,1.0,0.6666667,4.25,0.0,1.0
1199,2.0,2.0,0.5,1.0,0.0
1200,1.0,2.6666667,4.25,0.0,1.0
1201,2.0,2.0,0.5,1.0,0.0
1202,2.0,2.0,0.5,0.0,1.0
1203,2.0,2.0,1.75,0.0,1.0
1204,2.0,2.0,-0.5,0.0,1.0
1205,2.0,0.6666667,-0.5,0.0,1.0
1206,2.0,2.0,0.5,1.0,0.0
1207,2.0,2.0,0.5,1.0,0.0
1208,1.0,2.6666667,0.0,1.0,0.0
1209,2.0,2.0,0.5,1.0,0.0
1210,1.0,2.6666667,0.0,0.0,1.0
1211,2.0,2.0,0.5,1.0,0.0
1212,2.0,2.0,0.5,0.0,1.0
1213,2.0,2.0,-0.5,0.0,1.0
1214,2.0,2.0,1.75,0.0,1.0
1215,2.0,0.0,-0.5,0.0,1.0
1216,2.0,0.6666667,-0.5,0.0,1.0
1217,2.0,2.0,1.75,0.0,1.0
1218,2.0,0.0,-0.5,0.0,1.0
1219,2.0,2.0,1.75,0.0,1.0
1220,2.0,0.6666667,-0.5,0.0,1.0
1221,2.0,2.0,0.5,0.0,1.0
1222,2.0,2.0,-0.5,0.0,1.0
1223,2.0,2.0,1.75,0.0,1.0
1224,2.0,2.0,-0.5,0.0,1.0
1225,2.0,0.0,-0.5,0.0,1.0
1226,2.0,0.6666667,-0.5,0.0,1.0
1227,2.0,0.0,-0.5,0.0,1.0
1228,2.0,0.6666667,-0.5,0.0,1.0
