,Component_1,Component_2,Component_3,Component_4,Component_5,Component_6,Component_7
0,-1.2229394,0.08205469,0.08984318,0.28591108,-0.18257172,0.95972097,-0.25807714
1,-1.222942,0.08205379,0.089845754,0.28591138,-0.18257347,0.9597193,-0.25807682
2,-1.2229419,0.08205484,0.08984568,0.28591177,-0.1825741,0.95971996,-0.25807703
3,-1.2229419,0.08205353,0.08984465,0.28591225,-0.18257411,0.9597203,-0.25807685
4,-1.2229421,0.082054,0.08984583,0.2859101,-0.18257375,0.95971966,-0.25807717
5,-1.2229421,0.08205342,0.089846134,0.28591093,-0.18257278,0.9597198,-0.2580771
6,-1.222942,0.08205382,0.089844964,0.2859117,-0.18257408,0.9597195,-0.25807717
7,-1.2229419,0.082053594,0.08984517,0.28591144,-0.18257378,0.9597197,-0.25807709
8,-1.2229419,0.082053594,0.08984517,0.28591144,-0.18257378,0.9597197,-0.25807709
9,-1.2229419,0.082053594,0.08984517,0.28591144,-0.18257378,0.9597197,-0.25807709
10,-1.2229419,0.082053594,0.08984517,0.28591144,-0.18257378,0.9597197,-0.25807709
11,-1.2229419,0.082053594,0.08984517,0.28591144,-0.18257378,0.9597197,-0.25807709
12,-1.2229419,0.082053594,0.08984517,0.28591144,-0.18257378,0.9597197,-0.25807709
13,-1.2229419,0.082053594,0.08984517,0.28591144,-0.18257378,0.9597197,-0.25807709
14,-1.2229419,0.082053594,0.08984517,0.28591144,-0.18257378,0.9597197,-0.25807709
15,-1.2229419,0.082053594,0.08984517,0.28591144,-0.18257378,0.9597197,-0.25807709
16,-0.8331887,0.03038085,0.19123794,0.275112,-0.24883705,0.9657139,-0.25665134
17,-0.8331887,0.03038085,0.19123794,0.275112,-0.24883705,0.9657139,-0.25665134
18,-0.8331887,0.03038085,0.19123794,0.275112,-0.24883705,0.9657139,-0.25665134
19,-0.8331887,0.03038085,0.19123794,0.275112,-0.24883705,0.9657139,-0.25665134
20,-0.8331887,0.03038085,0.19123794,0.275112,-0.24883705,0.9657139,-0.25665134
21,-0.8331887,0.03038085,0.19123794,0.275112,-0.24883705,0.9657139,-0.25665134
22,-0.8331887,0.03038085,0.19123794,0.275112,-0.24883705,0.9657139,-0.25665134
23,-0.035674874,0.4005163,-0.27172732,0.08896366,0.2551134,1.0486449,-0.2733754
24,-0.8331887,0.03038085,0.19123794,0.275112,-0.24883705,0.9657139,-0.25665134
25,-1.2229419,0.082053594,0.08984517,0.28591144,-0.18257378,0.9597197,-0.25807709
26,-1.3101381,-0.62153196,-0.3920177,-0.03321371,0.08938211,-0.07032154,-0.0094227055
27,-1.3101381,-0.62153196,-0.3920177,-0.03321371,0.08938211,-0.07032154,-0.0094227055
28,-1.3101381,-0.62153196,-0.3920177,-0.03321371,0.08938211,-0.07032154,-0.0094227055
29,-1.3101381,-0.62153196,-0.3920177,-0.03321371,0.08938211,-0.07032154,-0.0094227055
30,-1.3101381,-0.62153196,-0.3920177,-0.03321371,0.08938211,-0.07032154,-0.0094227055
31,-1.3101381,-0.62153196,-0.3920177,-0.03321371,0.08938211,-0.07032154,-0.0094227055
32,-1.3101381,-0.62153196,-0.3920177,-0.03321371,0.08938211,-0.07032154,-0.0094227055
33,-1.3101381,-0.62153196,-0.3920177,-0.03321371,0.08938211,-0.07032154,-0.0094227055
34,-1.3101381,-0.62153196,-0.3920177,-0.03321371,0.08938211,-0.07032154,-0.0094227055
35,-1.3101381,-0.62153196,-0.3920177,-0.03321371,0.08938211,-0.07032154,-0.0094227055
36,-1.3101381,-0.62153196,-0.3920177,-0.03321371,0.08938211,-0.07032154,-0.0094227055
37,-1.3101381,-0.62153196,-0.3920177,-0.03321371,0.08938211,-0.07032154,-0.0094227055
38,-1.3101381,-0.62153196,-0.3920177,-0.03321371,0.08938211,-0.07032154,-0.0094227055
39,-1.3101381,-0.62153196,-0.3920177,-0.03321371,0.08938211,-0.07032154,-0.0094227055
40,-1.3101381,-0.62153196,-0.3920177,-0.03321371,0.08938211,-0.07032154,-0.0094227055
41,-1.3101381,-0.62153196,-0.3920177,-0.03321371,0.08938211,-0.07032154,-0.0094227055
42,-1.3101381,-0.62153196,-0.3920177,-0.03321371,0.08938211,-0.07032154,-0.0094227055
43,-1.3101381,-0.62153196,-0.3920177,-0.03321371,0.08938211,-0.07032154,-0.0094227055
44,-1.3101381,-0.62153196,-0.3920177,-0.03321371,0.08938211,-0.07032154,-0.0094227055
45,-1.3101381,-0.62153196,-0.3920177,-0.03321371,0.08938211,-0.07032154,-0.0094227055
46,-1.3101381,-0.62153196,-0.3920177,-0.03321371,0.08938211,-0.07032154,-0.0094227055
47,-1.3101381,-0.62153196,-0.3920177,-0.03321371,0.08938211,-0.07032154,-0.0094227055
48,-1.3101381,-0.62153196,-0.3920177,-0.03321371,0.08938211,-0.07032154,-0.0094227055
49,-1.3101381,-0.62153196,-0.3920177,-0.03321371,0.08938211,-0.07032154,-0.0094227055
50,1.5465523,-1.0399222,0.4070089,-0.09869714,-0.44958857,-0.03227553,0.0026639896
51,1.5465523,-1.0399222,0.4070089,-0.09869714,-0.44958857,-0.03227553,0.0026639896
52,1.5465523,-1.0399222,0.4070089,-0.09869714,-0.44958857,-0.03227553,0.0026639896
53,1.5465523,-1.0399222,0.4070089,-0.09869714,-0.44958857,-0.03227553,0.0026639896
54,1.5465523,-1.0399222,0.4070089,-0.09869714,-0.44958857,-0.03227553,0.0026639896
55,1.5465523,-1.0399222,0.4070089,-0.09869714,-0.44958857,-0.03227553,0.0026639896
56,1.5465523,-1.0399222,0.4070089,-0.09869714,-0.44958857,-0.03227553,0.0026639896
57,1.5465523,-1.0399222,0.4070089,-0.09869714,-0.44958857,-0.03227553,0.0026639896
58,1.5465523,-1.0399222,0.4070089,-0.09869714,-0.44958857,-0.03227553,0.0026639896
59,1.5465523,-1.0399222,0.4070089,-0.09869714,-0.44958857,-0.03227553,0.0026639896
60,1.5465523,-1.0399222,0.4070089,-0.09869714,-0.44958857,-0.03227553,0.0026639896
61,1.5465523,-1.0399222,0.4070089,-0.09869714,-0.44958857,-0.03227553,0.0026639896
62,1.5465523,-1.0399222,0.4070089,-0.09869714,-0.44958857,-0.03227553,0.0026639896
63,1.5465523,-1.0399222,0.4070089,-0.09869714,-0.44958857,-0.03227553,0.0026639896
64,-0.5261297,-0.60650724,-0.3556699,-0.09594998,0.11597476,-0.0405974,-0.011465115
65,-0.5261297,-0.60650724,-0.3556699,-0.09594998,0.11597476,-0.0405974,-0.011465115
66,-0.5261297,-0.60650724,-0.3556699,-0.09594998,0.11597476,-0.0405974,-0.011465115
67,-0.5261297,-0.60650724,-0.3556699,-0.09594998,0.11597476,-0.0405974,-0.011465115
68,-0.5261297,-0.60650724,-0.3556699,-0.09594998,0.11597476,-0.0405974,-0.011465115
69,-0.5261297,-0.60650724,-0.3556699,-0.09594998,0.11597476,-0.0405974,-0.011465115
70,-0.5261297,-0.60650724,-0.3556699,-0.09594998,0.11597476,-0.0405974,-0.011465115
71,-0.5261297,-0.60650724,-0.3556699,-0.09594998,0.11597476,-0.0405974,-0.011465115
72,-0.5261297,-0.60650724,-0.3556699,-0.09594998,0.11597476,-0.0405974,-0.011465115
73,-0.5261297,-0.60650724,-0.3556699,-0.09594998,0.11597476,-0.0405974,-0.011465115
74,-0.5261297,-0.60650724,-0.3556699,-0.09594998,0.11597476,-0.0405974,-0.011465115
75,-0.5261297,-0.60650724,-0.3556699,-0.09594998,0.11597476,-0.0405974,-0.011465115
76,-1.3101381,-0.62153196,-0.3920177,-0.03321371,0.08938211,-0.07032154,-0.0094227055
77,-1.3765978,-0.6523766,-0.35343724,-0.017701328,0.04738622,-0.07723245,-0.008029022
78,-1.1817209,-0.67821306,-0.3027409,-0.023101073,0.014254587,-0.07423532,-0.0073161633
79,-1.0488019,-0.61652386,-0.37990177,-0.054125793,0.09824633,-0.060413502,-0.010103511
80,-0.012460926,-0.8332312,0.0014375701,-0.05549939,-0.18453535,-0.056252535,-0.0030389454
81,0.5192149,-0.5864742,-0.30720595,-0.17959829,0.15143162,-0.0009652148,-0.014188337
82,1.5825669,-0.09296025,-0.92449313,-0.42779619,0.8233656,0.10960944,-0.03648712
83,1.5465523,-1.0399222,0.4070089,-0.09869714,-0.44958857,-0.03227553,0.0026639896
84,2.6099043,-0.5464082,-0.21027826,-0.34689498,0.22234538,0.07829909,-0.019634798
85,2.6099043,-0.5464082,-0.21027826,-0.34689498,0.22234538,0.07829909,-0.019634798
86,-0.0034573511,-0.5964906,-0.33143792,-0.13777414,0.13370319,-0.020781307,-0.012826726
87,-0.0034573511,-0.5964906,-0.33143792,-0.13777414,0.13370319,-0.020781307,-0.012826726
88,-0.0034573511,-0.5964906,-0.33143792,-0.13777414,0.13370319,-0.020781307,-0.012826726
89,-0.0034573511,-0.5964906,-0.33143792,-0.13777414,0.13370319,-0.020781307,-0.012826726
90,-0.0034573511,-0.5964906,-0.33143792,-0.13777414,0.13370319,-0.020781307,-0.012826726
91,-0.0034573511,-0.5964906,-0.33143792,-0.13777414,0.13370319,-0.020781307,-0.012826726
92,-0.0034573511,-0.5964906,-0.33143792,-0.13777414,0.13370319,-0.020781307,-0.012826726
93,-0.0034573511,-0.5964906,-0.33143792,-0.13777414,0.13370319,-0.020781307,-0.012826726
94,-0.0034573511,-0.5964906,-0.33143792,-0.13777414,0.13370319,-0.020781307,-0.012826726
95,-0.0034573511,-0.5964906,-0.33143792,-0.13777414,0.13370319,-0.020781307,-0.012826726
96,-1.3101381,-0.62153196,-0.3920177,-0.03321371,0.08938211,-0.07032154,-0.0094227055
97,-1.0488019,-0.61652386,-0.37990177,-0.054125793,0.09824633,-0.060413502,-0.010103511
98,-0.7919677,-0.72988564,-0.20134807,-0.033900503,-0.052008703,-0.06824107,-0.005890425
99,-0.5261297,-0.60650724,-0.3556699,-0.09594998,0.11597476,-0.0405974,-0.011465115
100,-0.0034573511,-0.5964906,-0.33143792,-0.13777414,0.13370319,-0.020781307,-0.012826726
101,-0.0034573511,-0.5964906,-0.33143792,-0.13777414,0.13370319,-0.020781307,-0.012826726
102,1.5465523,-1.0399222,0.4070089,-0.09869714,-0.44958857,-0.03227553,0.0026639896
103,2.6099043,-0.5464082,-0.21027826,-0.34689498,0.22234538,0.07829909,-0.019634798
104,-1.0488019,-0.61652386,-0.37990177,-0.054125793,0.09824633,-0.060413502,-0.010103511
105,-1.0488019,-0.61652386,-0.37990177,-0.054125793,0.09824633,-0.060413502,-0.010103511
106,2.6099043,-0.5464082,-0.21027826,-0.34689498,0.22234538,0.07829909,-0.019634798
107,2.6099043,-0.5464082,-0.21027826,-0.34689498,0.22234538,0.07829909,-0.019634798
108,2.6099043,-0.5464082,-0.21027826,-0.34689498,0.22234538,0.07829909,-0.019634798
109,2.6099043,-0.5464082,-0.21027826,-0.34689498,0.22234538,0.07829909,-0.019634798
110,2.6099043,-0.5464082,-0.21027826,-0.34689498,0.22234538,0.07829909,-0.019634798
111,2.6099043,-0.5464082,-0.21027826,-0.34689498,0.22234538,0.07829909,-0.019634798
112,2.6099043,-0.5464082,-0.21027826,-0.34689498,0.22234538,0.07829909,-0.019634798
113,2.6099043,-0.5464082,-0.21027826,-0.34689498,0.22234538,0.07829909,-0.019634798
114,2.6099043,-0.5464082,-0.21027826,-0.34689498,0.22234538,0.07829909,-0.019634798
115,2.6099043,-0.5464082,-0.21027826,-0.34689498,0.22234538,0.07829909,-0.019634798
116,2.6099043,-0.5464082,-0.21027826,-0.34689498,0.22234538,0.07829909,-0.019634798
117,2.6099043,-0.5464082,-0.21027826,-0.34689498,0.22234538,0.07829909,-0.019634798
118,2.6099043,-0.5464082,-0.21027826,-0.34689498,0.22234538,0.07829909,-0.019634798
119,-1.0488019,-0.61652386,-0.37990177,-0.054125793,0.09824633,-0.060413502,-0.010103511
120,-1.0488019,-0.61652386,-0.37990177,-0.054125793,0.09824633,-0.060413502,-0.010103511
121,-1.0488019,-0.61652386,-0.37990177,-0.054125793,0.09824633,-0.060413502,-0.010103511
122,-1.0488019,-0.61652386,-0.37990177,-0.054125793,0.09824633,-0.060413502,-0.010103511
123,-1.0488019,-0.61652386,-0.37990177,-0.054125793,0.09824633,-0.060413502,-0.010103511
124,-1.0488019,-0.61652386,-0.37990177,-0.054125793,0.09824633,-0.060413502,-0.010103511
125,-1.0488019,-0.61652386,-0.37990177,-0.054125793,0.09824633,-0.060413502,-0.010103511
126,-1.0488019,-0.61652386,-0.37990177,-0.054125793,0.09824633,-0.060413502,-0.010103511
127,-1.0488019,-0.61652386,-0.37990177,-0.054125793,0.09824633,-0.060413502,-0.010103511
128,-1.0488019,-0.61652386,-0.37990177,-0.054125793,0.09824633,-0.060413502,-0.010103511
129,-1.0488019,-0.61652386,-0.37990177,-0.054125793,0.09824633,-0.060413502,-0.010103511
130,-1.0488019,-0.61652386,-0.37990177,-0.054125793,0.09824633,-0.060413502,-0.010103511
131,-1.3101381,-0.62153196,-0.3920177,-0.03321371,0.08938211,-0.07032154,-0.0094227055
132,-1.3101381,-0.62153196,-0.3920177,-0.03321371,0.08938211,-0.07032154,-0.0094227055
133,-1.3101381,-0.62153196,-0.3920177,-0.03321371,0.08938211,-0.07032154,-0.0094227055
134,-1.3101381,-0.62153196,-0.3920177,-0.03321371,0.08938211,-0.07032154,-0.0094227055
135,-1.3101381,-0.62153196,-0.3920177,-0.03321371,0.08938211,-0.07032154,-0.0094227055
136,-1.3101381,-0.62153196,-0.3920177,-0.03321371,0.08938211,-0.07032154,-0.0094227055
137,-1.3101381,-0.62153196,-0.3920177,-0.03321371,0.08938211,-0.07032154,-0.0094227055
138,-1.3101381,-0.62153196,-0.3920177,-0.03321371,0.08938211,-0.07032154,-0.0094227055
139,-1.3101381,-0.62153196,-0.3920177,-0.03321371,0.08938211,-0.07032154,-0.0094227055
140,-1.3101381,-0.62153196,-0.3920177,-0.03321371,0.08938211,-0.07032154,-0.0094227055
141,-1.3101381,-0.62153196,-0.3920177,-0.03321371,0.08938211,-0.07032154,-0.0094227055
142,-1.3101381,-0.62153196,-0.3920177,-0.03321371,0.08938211,-0.07032154,-0.0094227055
143,-1.3101381,-0.62153196,-0.3920177,-0.03321371,0.08938211,-0.07032154,-0.0094227055
144,-1.3101381,-0.62153196,-0.3920177,-0.03321371,0.08938211,-0.07032154,-0.0094227055
145,-1.3101381,-0.62153196,-0.3920177,-0.03321371,0.08938211,-0.07032154,-0.0094227055
146,-1.3101381,-0.62153196,-0.3920177,-0.03321371,0.08938211,-0.07032154,-0.0094227055
147,-1.3101381,-0.62153196,-0.3920177,-0.03321371,0.08938211,-0.07032154,-0.0094227055
148,-1.3101381,-0.62153196,-0.3920177,-0.03321371,0.08938211,-0.07032154,-0.0094227055
149,-1.3101381,-0.62153196,-0.3920177,-0.03321371,0.08938211,-0.07032154,-0.0094227055
150,-1.3101381,-0.62153196,-0.3920177,-0.03321371,0.08938211,-0.07032154,-0.0094227055
151,-1.3101381,-0.62153196,-0.3920177,-0.03321371,0.08938211,-0.07032154,-0.0094227055
152,-1.3101381,-0.62153196,-0.3920177,-0.03321371,0.08938211,-0.07032154,-0.0094227055
153,-1.3101381,-0.62153196,-0.3920177,-0.03321371,0.08938211,-0.07032154,-0.0094227055
154,-1.3101381,-0.62153196,-0.3920177,-0.03321371,0.08938211,-0.07032154,-0.0094227055
155,1.5465523,-1.0399222,0.4070089,-0.09869714,-0.44958857,-0.03227553,0.0026639896
156,1.5465523,-1.0399222,0.4070089,-0.09869714,-0.44958857,-0.03227553,0.0026639896
157,1.5465523,-1.0399222,0.4070089,-0.09869714,-0.44958857,-0.03227553,0.0026639896
158,1.5465523,-1.0399222,0.4070089,-0.09869714,-0.44958857,-0.03227553,0.0026639896
159,1.5465523,-1.0399222,0.4070089,-0.09869714,-0.44958857,-0.03227553,0.0026639896
160,1.5465523,-1.0399222,0.4070089,-0.09869714,-0.44958857,-0.03227553,0.0026639896
161,1.5465523,-1.0399222,0.4070089,-0.09869714,-0.44958857,-0.03227553,0.0026639896
162,1.5465523,-1.0399222,0.4070089,-0.09869714,-0.44958857,-0.03227553,0.0026639896
163,1.5465523,-1.0399222,0.4070089,-0.09869714,-0.44958857,-0.03227553,0.0026639896
164,1.5465523,-1.0399222,0.4070089,-0.09869714,-0.44958857,-0.03227553,0.0026639896
165,1.5465523,-1.0399222,0.4070089,-0.09869714,-0.44958857,-0.03227553,0.0026639896
166,1.5465523,-1.0399222,0.4070089,-0.09869714,-0.44958857,-0.03227553,0.0026639896
167,1.5465523,-1.0399222,0.4070089,-0.09869714,-0.44958857,-0.03227553,0.0026639896
168,1.5465523,-1.0399222,0.4070089,-0.09869714,-0.44958857,-0.03227553,0.0026639896
169,-0.5261297,-0.60650724,-0.3556699,-0.09594998,0.11597476,-0.0405974,-0.011465115
170,-0.5261297,-0.60650724,-0.3556699,-0.09594998,0.11597476,-0.0405974,-0.011465115
171,-0.5261297,-0.60650724,-0.3556699,-0.09594998,0.11597476,-0.0405974,-0.011465115
172,-0.5261297,-0.60650724,-0.3556699,-0.09594998,0.11597476,-0.0405974,-0.011465115
173,-0.5261297,-0.60650724,-0.3556699,-0.09594998,0.11597476,-0.0405974,-0.011465115
174,-0.5261297,-0.60650724,-0.3556699,-0.09594998,0.11597476,-0.0405974,-0.011465115
175,-0.5261297,-0.60650724,-0.3556699,-0.09594998,0.11597476,-0.0405974,-0.011465115
176,-0.5261297,-0.60650724,-0.3556699,-0.09594998,0.11597476,-0.0405974,-0.011465115
177,-0.5261297,-0.60650724,-0.3556699,-0.09594998,0.11597476,-0.0405974,-0.011465115
178,-0.5261297,-0.60650724,-0.3556699,-0.09594998,0.11597476,-0.0405974,-0.011465115
179,-0.5261297,-0.60650724,-0.3556699,-0.09594998,0.11597476,-0.0405974,-0.011465115
180,-0.5261297,-0.60650724,-0.3556699,-0.09594998,0.11597476,-0.0405974,-0.011465115
181,-1.3101381,-0.62153196,-0.3920177,-0.03321371,0.08938211,-0.07032154,-0.0094227055
182,-1.3765978,-0.6523766,-0.35343724,-0.017701328,0.04738622,-0.07723245,-0.008029022
183,-1.1817209,-0.67821306,-0.3027409,-0.023101073,0.014254587,-0.07423532,-0.0073161633
184,-1.0488019,-0.61652386,-0.37990177,-0.054125793,0.09824633,-0.060413502,-0.010103511
185,-0.012460926,-0.8332312,0.0014375701,-0.05549939,-0.18453535,-0.056252535,-0.0030389454
186,0.5192149,-0.5864742,-0.30720595,-0.17959829,0.15143162,-0.0009652148,-0.014188337
187,1.5825669,-0.09296025,-0.92449313,-0.42779619,0.8233656,0.10960944,-0.03648712
188,1.5465523,-1.0399222,0.4070089,-0.09869714,-0.44958857,-0.03227553,0.0026639896
189,2.6099043,-0.5464082,-0.21027826,-0.34689498,0.22234538,0.07829909,-0.019634798
190,2.6099043,-0.5464082,-0.21027826,-0.34689498,0.22234538,0.07829909,-0.019634798
191,-0.0034573511,-0.5964906,-0.33143792,-0.13777414,0.13370319,-0.020781307,-0.012826726
192,-0.0034573511,-0.5964906,-0.33143792,-0.13777414,0.13370319,-0.020781307,-0.012826726
193,-0.0034573511,-0.5964906,-0.33143792,-0.13777414,0.13370319,-0.020781307,-0.012826726
194,-0.0034573511,-0.5964906,-0.33143792,-0.13777414,0.13370319,-0.020781307,-0.012826726
195,-0.0034573511,-0.5964906,-0.33143792,-0.13777414,0.13370319,-0.020781307,-0.012826726
196,-0.0034573511,-0.5964906,-0.33143792,-0.13777414,0.13370319,-0.020781307,-0.012826726
197,-0.0034573511,-0.5964906,-0.33143792,-0.13777414,0.13370319,-0.020781307,-0.012826726
198,-0.0034573511,-0.5964906,-0.33143792,-0.13777414,0.13370319,-0.020781307,-0.012826726
199,-0.0034573511,-0.5964906,-0.33143792,-0.13777414,0.13370319,-0.020781307,-0.012826726
200,-0.0034573511,-0.5964906,-0.33143792,-0.13777414,0.13370319,-0.020781307,-0.012826726
201,-1.3101381,-0.62153196,-0.3920177,-0.03321371,0.08938211,-0.07032154,-0.0094227055
202,-1.0488019,-0.61652386,-0.37990177,-0.054125793,0.09824633,-0.060413502,-0.010103511
203,-0.7919677,-0.72988564,-0.20134807,-0.033900503,-0.052008703,-0.06824107,-0.005890425
204,-0.5261297,-0.60650724,-0.3556699,-0.09594998,0.11597476,-0.0405974,-0.011465115
205,-0.0034573511,-0.5964906,-0.33143792,-0.13777414,0.13370319,-0.020781307,-0.012826726
206,-0.0034573511,-0.5964906,-0.33143792,-0.13777414,0.13370319,-0.020781307,-0.012826726
207,1.5825669,-0.09296025,-0.92449313,-0.42779619,0.8233656,0.10960944,-0.03648712
208,-0.012460926,-0.8332312,0.0014375701,-0.05549939,-0.18453535,-0.056252535,-0.0030389454
209,1.5465523,-1.0399222,0.4070089,-0.09869714,-0.44958857,-0.03227553,0.0026639896
210,2.6099043,-0.5464082,-0.21027826,-0.34689498,0.22234538,0.07829909,-0.019634798
211,-0.0034573511,-0.5964906,-0.33143792,-0.13777414,0.13370319,-0.020781307,-0.012826726
212,-1.0488019,-0.61652386,-0.37990177,-0.054125793,0.09824633,-0.060413502,-0.010103511
213,-1.0488019,-0.61652386,-0.37990177,-0.054125793,0.09824633,-0.060413502,-0.010103511
214,-0.0034573511,-0.5964906,-0.33143792,-0.13777414,0.13370319,-0.020781307,-0.012826726
215,-0.0034573511,-0.5964906,-0.33143792,-0.13777414,0.13370319,-0.020781307,-0.012826726
216,-0.012460926,-0.8332312,0.0014375701,-0.05549939,-0.18453535,-0.056252535,-0.0030389454
217,-0.012460926,-0.8332312,0.0014375701,-0.05549939,-0.18453535,-0.056252535,-0.0030389454
218,-0.012460926,-0.8332312,0.0014375701,-0.05549939,-0.18453535,-0.056252535,-0.0030389454
219,-0.012460926,-0.8332312,0.0014375701,-0.05549939,-0.18453535,-0.056252535,-0.0030389454
220,-0.012460926,-0.8332312,0.0014375701,-0.05549939,-0.18453535,-0.056252535,-0.0030389454
221,2.6099043,-0.5464082,-0.21027826,-0.34689498,0.22234538,0.07829909,-0.019634798
222,2.6099043,-0.5464082,-0.21027826,-0.34689498,0.22234538,0.07829909,-0.019634798
223,2.6099043,-0.5464082,-0.21027826,-0.34689498,0.22234538,0.07829909,-0.019634798
224,2.6099043,-0.5464082,-0.21027826,-0.34689498,0.22234538,0.07829909,-0.019634798
225,2.6099043,-0.5464082,-0.21027826,-0.34689498,0.22234538,0.07829909,-0.019634798
226,2.6099043,-0.5464082,-0.21027826,-0.34689498,0.22234538,0.07829909,-0.019634798
227,2.6099043,-0.5464082,-0.21027826,-0.34689498,0.22234538,0.07829909,-0.019634798
228,2.6099043,-0.5464082,-0.21027826,-0.34689498,0.22234538,0.07829909,-0.019634798
229,2.6099043,-0.5464082,-0.21027826,-0.34689498,0.22234538,0.07829909,-0.019634798
230,2.6099043,-0.5464082,-0.21027826,-0.34689498,0.22234538,0.07829909,-0.019634798
231,2.6099043,-0.5464082,-0.21027826,-0.34689498,0.22234538,0.07829909,-0.019634798
232,2.6099043,-0.5464082,-0.21027826,-0.34689498,0.22234538,0.07829909,-0.019634798
233,2.6099043,-0.5464082,-0.21027826,-0.34689498,0.22234538,0.07829909,-0.019634798
234,-1.0488019,-0.61652386,-0.37990177,-0.054125793,0.09824633,-0.060413502,-0.010103511
235,-1.0488019,-0.61652386,-0.37990177,-0.054125793,0.09824633,-0.060413502,-0.010103511
236,-1.0488019,-0.61652386,-0.37990177,-0.054125793,0.09824633,-0.060413502,-0.010103511
237,-1.0488019,-0.61652386,-0.37990177,-0.054125793,0.09824633,-0.060413502,-0.010103511
238,-1.0488019,-0.61652386,-0.37990177,-0.054125793,0.09824633,-0.060413502,-0.010103511
239,-1.0488019,-0.61652386,-0.37990177,-0.054125793,0.09824633,-0.060413502,-0.010103511
240,-1.0488019,-0.61652386,-0.37990177,-0.054125793,0.09824633,-0.060413502,-0.010103511
241,-1.0488019,-0.61652386,-0.37990177,-0.054125793,0.09824633,-0.060413502,-0.010103511
242,-1.0488019,-0.61652386,-0.37990177,-0.054125793,0.09824633,-0.060413502,-0.010103511
243,-1.0488019,-0.61652386,-0.37990177,-0.054125793,0.09824633,-0.060413502,-0.010103511
244,-1.0488019,-0.61652386,-0.37990177,-0.054125793,0.09824633,-0.060413502,-0.010103511
245,-1.0488019,-0.61652386,-0.37990177,-0.054125793,0.09824633,-0.060413502,-0.010103511
246,-1.2012103,0.085527636,0.07146546,0.24084674,-0.107818276,0.33209547,1.005904
247,-1.2012103,0.085527636,0.07146546,0.24084674,-0.107818276,0.33209547,1.005904
248,-0.8114569,0.033854924,0.17285827,0.23004733,-0.17408155,0.33808976,1.0073298
249,-0.8114569,0.033854924,0.17285827,0.23004733,-0.17408155,0.33808976,1.0073298
250,-0.8114569,0.033854924,0.17285827,0.23004733,-0.17408155,0.33808976,1.0073298
251,-0.8114569,0.033854924,0.17285827,0.23004733,-0.17408155,0.33808976,1.0073298
252,-0.031950187,-0.06949057,0.3756439,0.20844842,-0.30660817,0.3500783,1.0101813
253,-0.031950187,-0.06949057,0.3756439,0.20844842,-0.30660817,0.3500783,1.0101813
254,-0.031950187,-0.06949057,0.3756439,0.20844842,-0.30660817,0.3500783,1.0101813
255,-0.031950187,-0.06949057,0.3756439,0.20844842,-0.30660817,0.3500783,1.0101813
256,-0.8024532,0.27059543,-0.1600172,0.14777255,0.14415693,0.37356097,0.9975419
257,-0.8024532,0.27059543,-0.1600172,0.14777255,0.14415693,0.37356097,0.9975419
258,-0.013943097,0.40399033,-0.290107,0.043898944,0.32986888,0.42102078,0.9906057
259,-0.013943097,0.40399033,-0.290107,0.043898944,0.32986888,0.42102078,0.9906057
260,1.5630778,0.6707804,-0.5502868,-0.1638484,0.7012927,0.5159403,0.9767332
261,1.5630778,0.6707804,-0.5502868,-0.1638484,0.7012927,0.5159403,0.9767332
262,-1.1363155,0.47569433,0.3677301,-0.5215425,-0.049325984,-0.07332535,-0.015077997
263,-1.1363155,0.47569433,0.3677301,-0.5215425,-0.049325984,-0.07332535,-0.015077997
264,-1.1363155,0.47569433,0.3677301,-0.5215425,-0.049325984,-0.07332535,-0.015077997
265,-1.1363155,0.47569433,0.3677301,-0.5215425,-0.049325984,-0.07332535,-0.015077997
266,-1.1363155,0.47569433,0.3677301,-0.5215425,-0.049325984,-0.07332535,-0.015077997
267,-1.1363155,0.47569433,0.3677301,-0.5215425,-0.049325984,-0.07332535,-0.015077997
268,-1.1363155,0.47569433,0.3677301,-0.5215425,-0.049325984,-0.07332535,-0.015077997
269,-1.1363155,0.47569433,0.3677301,-0.5215425,-0.049325984,-0.07332535,-0.015077997
270,-1.1363155,0.47569433,0.3677301,-0.5215425,-0.049325984,-0.07332535,-0.015077997
271,-1.1363155,0.47569433,0.3677301,-0.5215425,-0.049325984,-0.07332535,-0.015077997
272,-1.1363155,0.47569433,0.3677301,-0.5215425,-0.049325984,-0.07332535,-0.015077997
273,-1.1363155,0.47569433,0.3677301,-0.5215425,-0.049325984,-0.07332535,-0.015077997
274,-1.1363155,0.47569433,0.3677301,-0.5215425,-0.049325984,-0.07332535,-0.015077997
275,-1.1363155,0.47569433,0.3677301,-0.5215425,-0.049325984,-0.07332535,-0.015077997
276,-1.1363155,0.47569433,0.3677301,-0.5215425,-0.049325984,-0.07332535,-0.015077997
277,-1.1363155,0.47569433,0.3677301,-0.5215425,-0.049325984,-0.07332535,-0.015077997
278,-1.1363155,0.47569433,0.3677301,-0.5215425,-0.049325984,-0.07332535,-0.015077997
279,-1.1363155,0.47569433,0.3677301,-0.5215425,-0.049325984,-0.07332535,-0.015077997
280,-1.1363155,0.47569433,0.3677301,-0.5215425,-0.049325984,-0.07332535,-0.015077997
281,-1.1363155,0.47569433,0.3677301,-0.5215425,-0.049325984,-0.07332535,-0.015077997
282,-1.1363155,0.47569433,0.3677301,-0.5215425,-0.049325984,-0.07332535,-0.015077997
283,-1.1363155,0.47569433,0.3677301,-0.5215425,-0.049325984,-0.07332535,-0.015077997
284,-1.1363155,0.47569433,0.3677301,-0.5215425,-0.049325984,-0.07332535,-0.015077997
285,-1.1363155,0.47569433,0.3677301,-0.5215425,-0.049325984,-0.07332535,-0.015077997
286,-1.1363155,0.47569433,0.3677301,-0.5215425,-0.049325984,-0.07332535,-0.015077997
287,-1.1363155,0.47569433,0.3677301,-0.5215425,-0.049325984,-0.07332535,-0.015077997
288,-1.1363155,0.47569433,0.3677301,-0.5215425,-0.049325984,-0.07332535,-0.015077997
289,-1.1363155,0.47569433,0.3677301,-0.5215425,-0.049325984,-0.07332535,-0.015077997
290,-1.1363155,0.47569433,0.3677301,-0.5215425,-0.049325984,-0.07332535,-0.015077997
291,-1.1363155,0.47569433,0.3677301,-0.5215425,-0.049325984,-0.07332535,-0.015077997
292,-1.1363155,0.47569433,0.3677301,-0.5215425,-0.049325984,-0.07332535,-0.015077997
293,-1.1363155,0.47569433,0.3677301,-0.5215425,-0.049325984,-0.07332535,-0.015077997
294,-1.1363155,0.47569433,0.3677301,-0.5215425,-0.049325984,-0.07332535,-0.015077997
295,-1.1363155,0.47569433,0.3677301,-0.5215425,-0.049325984,-0.07332535,-0.015077997
296,-1.1363155,0.47569433,0.3677301,-0.5215425,-0.049325984,-0.07332535,-0.015077997
297,-1.1363155,0.47569433,0.3677301,-0.5215425,-0.049325984,-0.07332535,-0.015077997
298,-1.1363155,0.47569433,0.3677301,-0.5215425,-0.049325984,-0.07332535,-0.015077997
299,-1.1363155,0.47569433,0.3677301,-0.5215425,-0.049325984,-0.07332535,-0.015077997
300,-1.1363155,0.47569433,0.3677301,-0.5215425,-0.049325984,-0.07332535,-0.015077997
301,-1.1363155,0.47569433,0.3677301,-0.5215425,-0.049325984,-0.07332535,-0.015077997
302,-1.1363155,0.47569433,0.3677301,-0.5215425,-0.049325984,-0.07332535,-0.015077997
303,-1.1363155,0.47569433,0.3677301,-0.5215425,-0.049325984,-0.07332535,-0.015077997
304,-1.1363155,0.47569433,0.3677301,-0.5215425,-0.049325984,-0.07332535,-0.015077997
305,-1.1363155,0.47569433,0.3677301,-0.5215425,-0.049325984,-0.07332535,-0.015077997
306,-1.1363155,0.47569433,0.3677301,-0.5215425,-0.049325984,-0.07332535,-0.015077997
307,-1.1363155,0.47569433,0.3677301,-0.5215425,-0.049325984,-0.07332535,-0.015077997
308,-1.1363155,0.47569433,0.3677301,-0.5215425,-0.049325984,-0.07332535,-0.015077997
309,-1.1363155,0.47569433,0.3677301,-0.5215425,-0.049325984,-0.07332535,-0.015077997
310,-1.1363155,0.47569433,0.3677301,-0.5215425,-0.049325984,-0.07332535,-0.015077997
311,-1.1363155,0.47569433,0.3677301,-0.5215425,-0.049325984,-0.07332535,-0.015077997
312,-1.1363155,0.47569433,0.3677301,-0.5215425,-0.049325984,-0.07332535,-0.015077997
313,-1.1363155,0.47569433,0.3677301,-0.5215425,-0.049325984,-0.07332535,-0.015077997
314,-1.1363155,0.47569433,0.3677301,-0.5215425,-0.049325984,-0.07332535,-0.015077997
315,-1.1363155,0.47569433,0.3677301,-0.5215425,-0.049325984,-0.07332535,-0.015077997
316,-1.1363155,0.47569433,0.3677301,-0.5215425,-0.049325984,-0.07332535,-0.015077997
317,-1.1363155,0.47569433,0.3677301,-0.5215425,-0.049325984,-0.07332535,-0.015077997
318,-1.1363155,0.47569433,0.3677301,-0.5215425,-0.049325984,-0.07332535,-0.015077997
319,-1.1363155,0.47569433,0.3677301,-0.5215425,-0.049325984,-0.07332535,-0.015077997
320,-1.1363155,0.47569433,0.3677301,-0.5215425,-0.049325984,-0.07332535,-0.015077997
321,-1.1363155,0.47569433,0.3677301,-0.5215425,-0.049325984,-0.07332535,-0.015077997
322,-1.1363155,0.47569433,0.3677301,-0.5215425,-0.049325984,-0.07332535,-0.015077997
323,-1.1363155,0.47569433,0.3677301,-0.5215425,-0.049325984,-0.07332535,-0.015077997
324,-1.1363155,0.47569433,0.3677301,-0.5215425,-0.049325984,-0.07332535,-0.015077997
325,-1.1363155,0.47569433,0.3677301,-0.5215425,-0.049325984,-0.07332535,-0.015077997
326,-1.1363155,0.47569433,0.3677301,-0.5215425,-0.049325984,-0.07332535,-0.015077997
327,-1.1363155,0.47569433,0.3677301,-0.5215425,-0.049325984,-0.07332535,-0.015077997
328,-1.1363155,0.47569433,0.3677301,-0.5215425,-0.049325984,-0.07332535,-0.015077997
329,-1.1363155,0.47569433,0.3677301,-0.5215425,-0.049325984,-0.07332535,-0.015077997
330,-1.1363155,0.47569433,0.3677301,-0.5215425,-0.049325984,-0.07332535,-0.015077997
331,-1.1363155,0.47569433,0.3677301,-0.5215425,-0.049325984,-0.07332535,-0.015077997
332,-1.1363155,0.47569433,0.3677301,-0.5215425,-0.049325984,-0.07332535,-0.015077997
333,-1.1363155,0.47569433,0.3677301,-0.5215425,-0.049325984,-0.07332535,-0.015077997
334,-0.87047744,0.5990729,0.21340838,-0.583592,0.1186575,-0.045681693,-0.02065271
335,-0.87047744,0.5990729,0.21340838,-0.583592,0.1186575,-0.045681693,-0.02065271
336,-0.87047744,0.5990729,0.21340838,-0.583592,0.1186575,-0.045681693,-0.02065271
337,-0.87047744,0.5990729,0.21340838,-0.583592,0.1186575,-0.045681693,-0.02065271
338,-0.87047744,0.5990729,0.21340838,-0.583592,0.1186575,-0.045681693,-0.02065271
339,-0.87047744,0.5990729,0.21340838,-0.583592,0.1186575,-0.045681693,-0.02065271
340,-0.87047744,0.5990729,0.21340838,-0.583592,0.1186575,-0.045681693,-0.02065271
341,-0.87047744,0.5990729,0.21340838,-0.583592,0.1186575,-0.045681693,-0.02065271
342,-0.87047744,0.5990729,0.21340838,-0.583592,0.1186575,-0.045681693,-0.02065271
343,-0.87047744,0.5990729,0.21340838,-0.583592,0.1186575,-0.045681693,-0.02065271
344,-0.87047744,0.5990729,0.21340838,-0.583592,0.1186575,-0.045681693,-0.02065271
345,-0.87047744,0.5990729,0.21340838,-0.583592,0.1186575,-0.045681693,-0.02065271
346,-0.87047744,0.5990729,0.21340838,-0.583592,0.1186575,-0.045681693,-0.02065271
347,-0.87047744,0.5990729,0.21340838,-0.583592,0.1186575,-0.045681693,-0.02065271
348,-0.87047744,0.5990729,0.21340838,-0.583592,0.1186575,-0.045681693,-0.02065271
349,-0.87047744,0.5990729,0.21340838,-0.583592,0.1186575,-0.045681693,-0.02065271
350,-0.87047744,0.5990729,0.21340838,-0.583592,0.1186575,-0.045681693,-0.02065271
351,-0.87047744,0.5990729,0.21340838,-0.583592,0.1186575,-0.045681693,-0.02065271
352,-0.8794811,0.36233237,0.5462839,-0.50131714,-0.199581,-0.08115294,-0.010864924
353,-0.8794811,0.36233237,0.5462839,-0.50131714,-0.199581,-0.08115294,-0.010864924
354,-0.8794811,0.36233237,0.5462839,-0.50131714,-0.199581,-0.08115294,-0.010864924
355,-0.8794811,0.36233237,0.5462839,-0.50131714,-0.199581,-0.08115294,-0.010864924
356,-0.8794811,0.36233237,0.5462839,-0.50131714,-0.199581,-0.08115294,-0.010864924
357,-0.8794811,0.36233237,0.5462839,-0.50131714,-0.199581,-0.08115294,-0.010864924
358,-0.61364305,0.48571083,0.39196205,-0.5633667,-0.03159752,-0.053509276,-0.016439615
359,-0.61364305,0.48571083,0.39196205,-0.5633667,-0.03159752,-0.053509276,-0.016439615
360,-0.61364305,0.48571083,0.39196205,-0.5633667,-0.03159752,-0.053509276,-0.016439615
361,-0.61364305,0.48571083,0.39196205,-0.5633667,-0.03159752,-0.053509276,-0.016439615
362,2.5223908,0.54581,0.5373537,-0.81431156,0.07477308,0.065387234,-0.02460929
363,2.5223908,0.54581,0.5373537,-0.81431156,0.07477308,0.065387234,-0.02460929
364,2.5223908,0.54581,0.5373537,-0.81431156,0.07477308,0.065387234,-0.02460929
365,2.5223908,0.54581,0.5373537,-0.81431156,0.07477308,0.065387234,-0.02460929
366,2.5223908,0.54581,0.5373537,-0.81431156,0.07477308,0.065387234,-0.02460929
367,2.5223908,0.54581,0.5373537,-0.81431156,0.07477308,0.065387234,-0.02460929
368,2.5223908,0.54581,0.5373537,-0.81431156,0.07477308,0.065387234,-0.02460929
369,2.5223908,0.54581,0.5373537,-0.81431156,0.07477308,0.065387234,-0.02460929
370,2.5223908,0.54581,0.5373537,-0.81431156,0.07477308,0.065387234,-0.02460929
371,2.5223908,0.54581,0.5373537,-0.81431156,0.07477308,0.065387234,-0.02460929
372,2.5223908,0.54581,0.5373537,-0.81431156,0.07477308,0.065387234,-0.02460929
373,-1.3976517,0.47068602,0.3556142,-0.50063044,-0.058190197,-0.08323341,-0.014397205
374,-1.3976517,0.47068602,0.3556142,-0.50063044,-0.058190197,-0.08323341,-0.014397205
375,-1.3976517,0.47068602,0.3556142,-0.50063044,-0.058190197,-0.08323341,-0.014397205
376,-1.3976517,0.47068602,0.3556142,-0.50063044,-0.058190197,-0.08323341,-0.014397205
377,-1.1363155,0.47569433,0.3677301,-0.5215425,-0.049325984,-0.07332535,-0.015077997
378,-1.1363155,0.47569433,0.3677301,-0.5215425,-0.049325984,-0.07332535,-0.015077997
379,-1.1363155,0.47569433,0.3677301,-0.5215425,-0.049325984,-0.07332535,-0.015077997
380,-1.1363155,0.47569433,0.3677301,-0.5215425,-0.049325984,-0.07332535,-0.015077997
381,-0.87047744,0.5990729,0.21340838,-0.583592,0.1186575,-0.045681693,-0.02065271
382,-0.87047744,0.5990729,0.21340838,-0.583592,0.1186575,-0.045681693,-0.02065271
383,-0.87047744,0.5990729,0.21340838,-0.583592,0.1186575,-0.045681693,-0.02065271
384,-0.87047744,0.5990729,0.21340838,-0.583592,0.1186575,-0.045681693,-0.02065271
385,-0.61364305,0.48571083,0.39196205,-0.5633667,-0.03159752,-0.053509276,-0.016439615
386,0.43170154,0.50574386,0.44042596,-0.647015,0.0038593102,-0.013877091,-0.019162836
387,2.5223908,0.54581,0.5373537,-0.81431156,0.07477308,0.065387234,-0.02460929
388,0.43170154,0.50574386,0.44042596,-0.647015,0.0038593102,-0.013877091,-0.019162836
389,0.43170154,0.50574386,0.44042596,-0.647015,0.0038593102,-0.013877091,-0.019162836
390,0.43170154,0.50574386,0.44042596,-0.647015,0.0038593102,-0.013877091,-0.019162836
391,0.43170154,0.50574386,0.44042596,-0.647015,0.0038593102,-0.013877091,-0.019162836
392,2.5223908,0.54581,0.5373537,-0.81431156,0.07477308,0.065387234,-0.02460929
393,2.5223908,0.54581,0.5373537,-0.81431156,0.07477308,0.065387234,-0.02460929
394,2.5223908,0.54581,0.5373537,-0.81431156,0.07477308,0.065387234,-0.02460929
395,2.5223908,0.54581,0.5373537,-0.81431156,0.07477308,0.065387234,-0.02460929
396,0.050092936,0.4931802,-0.37001905,0.42007574,-0.5615945,-0.1374981,-0.014247911
397,0.050092936,0.4931802,-0.37001905,0.42007574,-0.5615945,-0.1374981,-0.014247911
398,0.050092936,0.4931802,-0.37001905,0.42007574,-0.5615945,-0.1374981,-0.014247911
399,0.050092936,0.4931802,-0.37001905,0.42007574,-0.5615945,-0.1374981,-0.014247911
400,0.050092936,0.4931802,-0.37001905,0.42007574,-0.5615945,-0.1374981,-0.014247911
401,0.050092936,0.4931802,-0.37001905,0.42007574,-0.5615945,-0.1374981,-0.014247911
402,0.57276523,0.5031967,-0.3457871,0.37825155,-0.5438661,-0.117682,-0.015609509
403,0.57276523,0.5031967,-0.3457871,0.37825155,-0.5438661,-0.117682,-0.015609509
404,0.57276523,0.5031967,-0.3457871,0.37825155,-0.5438661,-0.117682,-0.015609509
405,0.059096467,0.7299206,-0.70289457,0.33780098,-0.24335612,-0.10202686,-0.024035696
406,0.059096467,0.7299206,-0.70289457,0.33780098,-0.24335612,-0.10202686,-0.024035696
407,0.059096467,0.7299206,-0.70289457,0.33780098,-0.24335612,-0.10202686,-0.024035696
408,0.059096467,0.7299206,-0.70289457,0.33780098,-0.24335612,-0.10202686,-0.024035696
409,0.059096467,0.7299206,-0.70289457,0.33780098,-0.24335612,-0.10202686,-0.024035696
410,0.059096467,0.7299206,-0.70289457,0.33780098,-0.24335612,-0.10202686,-0.024035696
411,0.059096467,0.7299206,-0.70289457,0.33780098,-0.24335612,-0.10202686,-0.024035696
412,0.059096467,0.7299206,-0.70289457,0.33780098,-0.24335612,-0.10202686,-0.024035696
413,0.059096467,0.7299206,-0.70289457,0.33780098,-0.24335612,-0.10202686,-0.024035696
414,0.059096467,0.7299206,-0.70289457,0.33780098,-0.24335612,-0.10202686,-0.024035696
415,0.059096467,0.7299206,-0.70289457,0.33780098,-0.24335612,-0.10202686,-0.024035696
416,0.059096467,0.7299206,-0.70289457,0.33780098,-0.24335612,-0.10202686,-0.024035696
417,0.059096467,0.7299206,-0.70289457,0.33780098,-0.24335612,-0.10202686,-0.024035696
418,0.059096467,0.7299206,-0.70289457,0.33780098,-0.24335612,-0.10202686,-0.024035696
419,0.059096467,0.7299206,-0.70289457,0.33780098,-0.24335612,-0.10202686,-0.024035696
420,2.4246273,1.1301056,-1.093164,0.026180115,0.31377956,0.040352393,-0.0448446
421,2.4246273,1.1301056,-1.093164,0.026180115,0.31377956,0.040352393,-0.0448446
422,2.4246273,1.1301056,-1.093164,0.026180115,0.31377956,0.040352393,-0.0448446
423,2.4246273,1.1301056,-1.093164,0.026180115,0.31377956,0.040352393,-0.0448446
424,2.4246273,1.1301056,-1.093164,0.026180115,0.31377956,0.040352393,-0.0448446
425,2.4246273,1.1301056,-1.093164,0.026180115,0.31377956,0.040352393,-0.0448446
426,2.4246273,1.1301056,-1.093164,0.026180115,0.31377956,0.040352393,-0.0448446
427,2.4246273,1.1301056,-1.093164,0.026180115,0.31377956,0.040352393,-0.0448446
428,2.4246273,1.1301056,-1.093164,0.026180115,0.31377956,0.040352393,-0.0448446
429,2.4246273,1.1301056,-1.093164,0.026180115,0.31377956,0.040352393,-0.0448446
430,2.4246273,1.1301056,-1.093164,0.026180115,0.31377956,0.040352393,-0.0448446
431,2.4246273,1.1301056,-1.093164,0.026180115,0.31377956,0.040352393,-0.0448446
432,0.059096467,0.7299206,-0.70289457,0.33780098,-0.24335612,-0.10202686,-0.024035696
433,0.059096467,0.7299206,-0.70289457,0.33780098,-0.24335612,-0.10202686,-0.024035696
434,0.059096467,0.7299206,-0.70289457,0.33780098,-0.24335612,-0.10202686,-0.024035696
435,0.059096467,0.7299206,-0.70289457,0.33780098,-0.24335612,-0.10202686,-0.024035696
436,0.059096467,0.7299206,-0.70289457,0.33780098,-0.24335612,-0.10202686,-0.024035696
437,0.059096467,0.7299206,-0.70289457,0.33780098,-0.24335612,-0.10202686,-0.024035696
438,0.059096467,0.7299206,-0.70289457,0.33780098,-0.24335612,-0.10202686,-0.024035696
439,0.059096467,0.7299206,-0.70289457,0.33780098,-0.24335612,-0.10202686,-0.024035696
440,0.059096467,0.7299206,-0.70289457,0.33780098,-0.24335612,-0.10202686,-0.024035696
441,0.059096467,0.7299206,-0.70289457,0.33780098,-0.24335612,-0.10202686,-0.024035696
442,0.059096467,0.7299206,-0.70289457,0.33780098,-0.24335612,-0.10202686,-0.024035696
443,0.059096467,0.7299206,-0.70289457,0.33780098,-0.24335612,-0.10202686,-0.024035696
444,2.6634548,0.54326284,-0.24885945,0.21095484,-0.47295249,-0.03841768,-0.021055965
445,2.6634548,0.54326284,-0.24885945,0.21095484,-0.47295249,-0.03841768,-0.021055965
446,2.6634548,0.54326284,-0.24885945,0.21095484,-0.47295249,-0.03841768,-0.021055965
447,2.6634548,0.54326284,-0.24885945,0.21095484,-0.47295249,-0.03841768,-0.021055965
448,2.6634548,0.54326284,-0.24885945,0.21095484,-0.47295249,-0.03841768,-0.021055965
449,2.6634548,0.54326284,-0.24885945,0.21095484,-0.47295249,-0.03841768,-0.021055965
450,2.6634548,0.54326284,-0.24885945,0.21095484,-0.47295249,-0.03841768,-0.021055965
451,2.6634548,0.54326284,-0.24885945,0.21095484,-0.47295249,-0.03841768,-0.021055965
452,2.6634548,0.54326284,-0.24885945,0.21095484,-0.47295249,-0.03841768,-0.021055965
453,2.6634548,0.54326284,-0.24885945,0.21095484,-0.47295249,-0.03841768,-0.021055965
454,2.6634548,0.54326284,-0.24885945,0.21095484,-0.47295249,-0.03841768,-0.021055965
455,2.6634548,0.54326284,-0.24885945,0.21095484,-0.47295249,-0.03841768,-0.021055965
456,2.6634548,0.54326284,-0.24885945,0.21095484,-0.47295249,-0.03841768,-0.021055965
457,0.57276523,0.5031967,-0.3457871,0.37825155,-0.5438661,-0.117682,-0.015609509
458,0.57276523,0.5031967,-0.3457871,0.37825155,-0.5438661,-0.117682,-0.015609509
459,0.57276523,0.5031967,-0.3457871,0.37825155,-0.5438661,-0.117682,-0.015609509
460,0.57276523,0.5031967,-0.3457871,0.37825155,-0.5438661,-0.117682,-0.015609509
461,0.57276523,0.5031967,-0.3457871,0.37825155,-0.5438661,-0.117682,-0.015609509
462,0.57276523,0.5031967,-0.3457871,0.37825155,-0.5438661,-0.117682,-0.015609509
463,0.57276523,0.5031967,-0.3457871,0.37825155,-0.5438661,-0.117682,-0.015609509
464,0.57276523,0.5031967,-0.3457871,0.37825155,-0.5438661,-0.117682,-0.015609509
465,-0.99525166,0.47314718,-0.41848305,0.50372404,-0.59705156,-0.1771303,-0.011524676
466,-0.99525166,0.47314718,-0.41848305,0.50372404,-0.59705156,-0.1771303,-0.011524676
467,-0.99525166,0.47314718,-0.41848305,0.50372404,-0.59705156,-0.1771303,-0.011524676
468,-0.99525166,0.47314718,-0.41848305,0.50372404,-0.59705156,-0.1771303,-0.011524676
469,-0.99525166,0.47314718,-0.41848305,0.50372404,-0.59705156,-0.1771303,-0.011524676
470,-0.99525166,0.47314718,-0.41848305,0.50372404,-0.59705156,-0.1771303,-0.011524676
471,-0.99525166,0.47314718,-0.41848305,0.50372404,-0.59705156,-0.1771303,-0.011524676
472,-0.99525166,0.47314718,-0.41848305,0.50372404,-0.59705156,-0.1771303,-0.011524676
473,-0.99525166,0.47314718,-0.41848305,0.50372404,-0.59705156,-0.1771303,-0.011524676
474,2.6634548,0.54326284,-0.24885945,0.21095484,-0.47295249,-0.03841768,-0.021055965
475,2.6634548,0.54326284,-0.24885945,0.21095484,-0.47295249,-0.03841768,-0.021055965
476,2.6634548,0.54326284,-0.24885945,0.21095484,-0.47295249,-0.03841768,-0.021055965
477,2.6634548,0.54326284,-0.24885945,0.21095484,-0.47295249,-0.03841768,-0.021055965
478,2.6634548,0.54326284,-0.24885945,0.21095484,-0.47295249,-0.03841768,-0.021055965
479,2.6634548,0.54326284,-0.24885945,0.21095484,-0.47295249,-0.03841768,-0.021055965
480,2.6634548,0.54326284,-0.24885945,0.21095484,-0.47295249,-0.03841768,-0.021055965
481,2.6634548,0.54326284,-0.24885945,0.21095484,-0.47295249,-0.03841768,-0.021055965
482,2.6634548,0.54326284,-0.24885945,0.21095484,-0.47295249,-0.03841768,-0.021055965
483,-0.47257933,0.48316368,-0.39425114,0.4618999,-0.5793231,-0.15731418,-0.012886284
484,-0.47257933,0.48316368,-0.39425114,0.4618999,-0.5793231,-0.15731418,-0.012886284
485,-0.47257933,0.48316368,-0.39425114,0.4618999,-0.5793231,-0.15731418,-0.012886284
486,-0.47257933,0.48316368,-0.39425114,0.4618999,-0.5793231,-0.15731418,-0.012886284
487,-0.47257933,0.48316368,-0.39425114,0.4618999,-0.5793231,-0.15731418,-0.012886284
488,-0.47257933,0.48316368,-0.39425114,0.4618999,-0.5793231,-0.15731418,-0.012886284
489,-0.47257933,0.48316368,-0.39425114,0.4618999,-0.5793231,-0.15731418,-0.012886284
490,-0.47257933,0.48316368,-0.39425114,0.4618999,-0.5793231,-0.15731418,-0.012886284
491,-0.47257933,0.48316368,-0.39425114,0.4618999,-0.5793231,-0.15731418,-0.012886284
492,-0.99525166,0.47314718,-0.41848305,0.50372404,-0.59705156,-0.1771303,-0.011524676
493,-0.99525166,0.47314718,-0.41848305,0.50372404,-0.59705156,-0.1771303,-0.011524676
494,-0.99525166,0.47314718,-0.41848305,0.50372404,-0.59705156,-0.1771303,-0.011524676
495,-0.99525166,0.47314718,-0.41848305,0.50372404,-0.59705156,-0.1771303,-0.011524676
496,-0.99525166,0.47314718,-0.41848305,0.50372404,-0.59705156,-0.1771303,-0.011524676
497,-0.99525166,0.47314718,-0.41848305,0.50372404,-0.59705156,-0.1771303,-0.011524676
498,-0.99525166,0.47314718,-0.41848305,0.50372404,-0.59705156,-0.1771303,-0.011524676
499,-0.99525166,0.47314718,-0.41848305,0.50372404,-0.59705156,-0.1771303,-0.011524676
500,-0.99525166,0.47314718,-0.41848305,0.50372404,-0.59705156,-0.1771303,-0.011524676
501,-0.52433085,0.1867712,0.39859304,0.69684017,0.52646434,-0.10671715,-0.031552833
502,-0.52433085,0.1867712,0.39859304,0.69684017,0.52646434,-0.10671715,-0.031552833
503,-0.52433085,0.1867712,0.39859304,0.69684017,0.52646434,-0.10671715,-0.031552833
504,-0.52433085,0.1867712,0.39859304,0.69684017,0.52646434,-0.10671715,-0.031552833
505,-0.52433085,0.1867712,0.39859304,0.69684017,0.52646434,-0.10671715,-0.031552833
506,-0.52433085,0.1867712,0.39859304,0.69684017,0.52646434,-0.10671715,-0.031552833
507,-1.3747988,0.14090185,0.40082568,0.7750888,0.45787573,-0.14335221,-0.028116748
508,-1.3747988,0.14090185,0.40082568,0.7750888,0.45787573,-0.14335221,-0.028116748
509,-1.3747988,0.14090185,0.40082568,0.7750888,0.45787573,-0.14335221,-0.028116748
510,-1.3747988,0.14090185,0.40082568,0.7750888,0.45787573,-0.14335221,-0.028116748
511,-1.3747988,0.14090185,0.40082568,0.7750888,0.45787573,-0.14335221,-0.028116748
512,-1.3747988,0.14090185,0.40082568,0.7750888,0.45787573,-0.14335221,-0.028116748
513,-0.7811652,0.30013326,0.2200394,0.6766148,0.67671937,-0.098889574,-0.03576593
514,0.7778482,0.09344229,0.6256107,0.633417,0.41166613,-0.074912526,-0.030062966
515,-0.27650008,-0.1633312,0.9100222,0.79934007,0.057970736,-0.15001597,-0.017551979
516,-0.27650008,-0.1633312,0.9100222,0.79934007,0.057970736,-0.15001597,-0.017551979
517,1.5843657,0.7003184,-0.17023025,0.3649939,1.2338551,0.043489683,-0.056574844
518,1.5843657,0.7003184,-0.17023025,0.3649939,1.2338551,0.043489683,-0.056574844
519,-0.010662135,-0.03995274,0.75570047,0.7372907,0.22595422,-0.12237227,-0.02312667
520,-0.010662135,-0.03995274,0.75570047,0.7372907,0.22595422,-0.12237227,-0.02312667
521,0.5210138,0.20680425,0.44705704,0.6131918,0.56192124,-0.06708495,-0.034276057
522,0.5210138,0.20680425,0.44705704,0.6131918,0.56192124,-0.06708495,-0.034276057
523,1.0166752,-0.49340063,1.4699155,0.8181918,-0.37506604,-0.1536826,-0.006274345
524,1.0166752,-0.49340063,1.4699155,0.8181918,-0.37506604,-0.1536826,-0.006274345
525,1.5483513,-0.24664365,1.1612719,0.6940929,-0.039099053,-0.09839529,-0.017423728
526,1.5483513,-0.24664365,1.1612719,0.6940929,-0.039099053,-0.09839529,-0.017423728
527,1.5843657,0.7003184,-0.17023025,0.3649939,1.2338551,0.043489683,-0.056574844
528,1.5843657,0.7003184,-0.17023025,0.3649939,1.2338551,0.043489683,-0.056574844
529,2.6117032,0.24687037,0.5439848,0.4458951,0.6328349,0.012179362,-0.03972251
530,2.6117032,0.24687037,0.5439848,0.4458951,0.6328349,0.012179362,-0.03972251
531,2.6117032,0.24687037,0.5439848,0.4458951,0.6328349,0.012179362,-0.03972251
532,2.6117032,0.24687037,0.5439848,0.4458951,0.6328349,0.012179362,-0.03972251
533,0.0073449626,0.43352813,0.089949585,0.5727412,0.8624312,-0.051429793,-0.042702228
534,0.0073449626,0.43352813,0.089949585,0.5727412,0.8624312,-0.051429793,-0.042702228
535,-1.0470031,0.1767547,0.37436116,0.7386642,0.50873584,-0.12653321,-0.030191213
536,-1.0470031,0.1767547,0.37436116,0.7386642,0.50873584,-0.12653321,-0.030191213
537,-0.7811652,0.30013326,0.2200394,0.6766148,0.67671937,-0.098889574,-0.03576593
538,-0.7811652,0.30013326,0.2200394,0.6766148,0.67671937,-0.098889574,-0.03576593
539,-0.52433085,0.1867712,0.39859304,0.69684017,0.52646434,-0.10671715,-0.031552833
540,-0.52433085,0.1867712,0.39859304,0.69684017,0.52646434,-0.10671715,-0.031552833
541,0.0073449626,0.43352813,0.089949585,0.5727412,0.8624312,-0.051429793,-0.042702228
542,-0.27650008,-0.1633312,0.9100222,0.79934007,0.057970736,-0.15001597,-0.017551979
543,-0.27650008,-0.1633312,0.9100222,0.79934007,0.057970736,-0.15001597,-0.017551979
544,0.5210138,0.20680425,0.44705704,0.6131918,0.56192124,-0.06708495,-0.034276057
545,0.5210138,0.20680425,0.44705704,0.6131918,0.56192124,-0.06708495,-0.034276057
546,-0.010662135,-0.03995274,0.75570047,0.7372907,0.22595422,-0.12237227,-0.02312667
547,-0.010662135,-0.03995274,0.75570047,0.7372907,0.22595422,-0.12237227,-0.02312667
548,1.5843657,0.7003184,-0.17023025,0.3649939,1.2338551,0.043489683,-0.056574844
549,1.0166752,-0.49340063,1.4699155,0.8181918,-0.37506604,-0.1536826,-0.006274345
550,1.0166752,-0.49340063,1.4699155,0.8181918,-0.37506604,-0.1536826,-0.006274345
551,1.5483513,-0.24664365,1.1612719,0.6940929,-0.039099053,-0.09839529,-0.017423728
552,1.5483513,-0.24664365,1.1612719,0.6940929,-0.039099053,-0.09839529,-0.017423728
553,-1.0470031,0.1767547,0.37436116,0.7386642,0.50873584,-0.12653321,-0.030191213
554,-1.0470031,0.1767547,0.37436116,0.7386642,0.50873584,-0.12653321,-0.030191213
555,-0.7811652,0.30013326,0.2200394,0.6766148,0.67671937,-0.098889574,-0.03576593
556,-0.7811652,0.30013326,0.2200394,0.6766148,0.67671937,-0.098889574,-0.03576593
557,-0.52433085,0.1867712,0.39859304,0.69684017,0.52646434,-0.10671715,-0.031552833
558,-0.52433085,0.1867712,0.39859304,0.69684017,0.52646434,-0.10671715,-0.031552833
559,0.0073449626,0.43352813,0.089949585,0.5727412,0.8624312,-0.051429793,-0.042702228
560,-0.27650008,-0.1633312,0.9100222,0.79934007,0.057970736,-0.15001597,-0.017551979
561,-0.27650008,-0.1633312,0.9100222,0.79934007,0.057970736,-0.15001597,-0.017551979
562,0.5210138,0.20680425,0.44705704,0.6131918,0.56192124,-0.06708495,-0.034276057
563,0.5210138,0.20680425,0.44705704,0.6131918,0.56192124,-0.06708495,-0.034276057
564,-0.010662135,-0.03995274,0.75570047,0.7372907,0.22595422,-0.12237227,-0.02312667
565,-0.010662135,-0.03995274,0.75570047,0.7372907,0.22595422,-0.12237227,-0.02312667
566,1.5843657,0.7003184,-0.17023025,0.3649939,1.2338551,0.043489683,-0.056574844
567,1.0166752,-0.49340063,1.4699155,0.8181918,-0.37506604,-0.1536826,-0.006274345
568,1.0166752,-0.49340063,1.4699155,0.8181918,-0.37506604,-0.1536826,-0.006274345
569,1.5483513,-0.24664365,1.1612719,0.6940929,-0.039099053,-0.09839529,-0.017423728
570,1.5483513,-0.24664365,1.1612719,0.6940929,-0.039099053,-0.09839529,-0.017423728
571,-1.0470031,0.1767547,0.37436116,0.7386642,0.50873584,-0.12653321,-0.030191213
572,-1.0470031,0.1767547,0.37436116,0.7386642,0.50873584,-0.12653321,-0.030191213
573,-0.7811652,0.30013326,0.2200394,0.6766148,0.67671937,-0.098889574,-0.03576593
574,-0.7811652,0.30013326,0.2200394,0.6766148,0.67671937,-0.098889574,-0.03576593
575,-0.52433085,0.1867712,0.39859304,0.69684017,0.52646434,-0.10671715,-0.031552833
576,-0.52433085,0.1867712,0.39859304,0.69684017,0.52646434,-0.10671714,-0.031552836
577,0.0073449626,0.43352813,0.089949585,0.5727412,0.8624312,-0.051429793,-0.04270222
578,-0.27650008,-0.16333121,0.9100222,0.79934007,0.057970755,-0.15001597,-0.017551977
579,-0.27650008,-0.16333121,0.9100222,0.79934007,0.057970755,-0.15001595,-0.017551973
580,0.5210138,0.20680428,0.44705704,0.6131918,0.56192124,-0.06708495,-0.03427606
581,0.5210138,0.20680426,0.44705704,0.6131918,0.56192124,-0.06708494,-0.03427605
582,-0.010662135,-0.03995274,0.75570047,0.7372907,0.22595422,-0.12237227,-0.02312667
583,-0.010662135,-0.03995274,0.75570047,0.7372907,0.22595422,-0.12237227,-0.02312667
584,1.5843657,0.7003184,-0.17023024,0.3649939,1.2338551,0.043489683,-0.056574844
585,1.0166752,-0.49340063,1.4699155,0.8181918,-0.37506604,-0.15368257,-0.006274344
586,1.0166752,-0.49340063,1.4699155,0.8181918,-0.37506604,-0.15368257,-0.006274344
587,1.5483514,-0.24664359,1.1612718,0.6940928,-0.039098997,-0.098395266,-0.017423728
588,1.5483514,-0.24664359,1.1612718,0.6940928,-0.039098997,-0.098395266,-0.017423728
